Data;Ordine #;Transazioni;Simbolo;Nome;ISIN;Quantità;Prezzo unit.;Costi;Interesse maturati;Importo netto;Valuta Importo netto;Importo netto in valuta di conto;Saldo;Valuta
31-12-2025 12:52:36;00000000;Diritti di Custodia;;;;1.0;20.00;1.62;0.00;-21.62;CHF;-21.62;-3608.61;CHF
30-12-2025 14:14:23;274965810;Acquisto;ZSIL;"Swisscanto Silver ETF-A CHF";CH0183135976;30.0;172.3969;13.73;0.00;-5185.63;CHF;-5185.63;-3586.99;CHF
30-12-2025 14:12:50;274966034;Vendita;ZSIL;"Swisscanto Silver ETF-A CHF";CH0183135976;30.0;171.964;13.72;0.00;5145.18;CHF;5145.18;1598.64;CHF
30-12-2025 12:19:42;274957505;Acquisto;ZSIL;"Swisscanto Silver ETF-A CHF";CH0183135976;30.0;168.36;15.90;0.00;-5066.70;CHF;-5066.70;-3546.54;CHF
30-12-2025 07:46:18;00000000;Prelevamento;;;;1.0;4000.00;0.00;0.00;-4000.00;EUR;-4000.00;0.00;EUR
30-12-2025 07:44:47;274913230;Accredito Forex;;;;1.0;2.00;0.00;0.00;2.00;EUR;2.00;4000.00;EUR
30-12-2025 07:44:47;274913230;Addebito Forex;;;;1.0;1.87;0.00;0.00;-1.87;CHF;-1.87;1520.16;CHF
30-12-2025 05:04:47;00000000;Prelevamento;;;;1.0;4000.00;2.00;0.00;-4002.00;EUR;-4002.00;3998.00;EUR
29-12-2025 20:35:48;274884589;Acquisto;AMZN;"AMAZON COM ORD";US0231351067;8.0;231.6498;12.78;0.00;-1865.98;USD;-1865.98;-14933.76;USD
29-12-2025 20:35:33;274884583;Acquisto;AMZN;"AMAZON COM ORD";US0231351067;2.0;231.6699;3.70;0.00;-467.04;USD;-467.04;-13067.78;USD
29-12-2025 15:36:00;274849555;Rettif. costi Borsa;TSM;"TAIWAN SEMICONDUCTOR MNFTG ADR 5 ORD";US8740391003;1.0;0.03;0.00;0.00;0.03;USD;0.03;-12600.74;USD
29-12-2025 15:35:59;274849231;Rettif. costi Borsa;TSM;"TAIWAN SEMICONDUCTOR MNFTG ADR 5 ORD";US8740391003;1.0;0.03;0.00;0.00;0.03;USD;0.03;-12600.77;USD
29-12-2025 15:35:41;274849555;Vendita;TSM;"TAIWAN SEMICONDUCTOR MNFTG ADR 5 ORD";US8740391003;5.0;302.4125;12.30;0.00;1499.76;USD;1499.76;-12600.80;USD
29-12-2025 15:35:18;274849231;Vendita;TSM;"TAIWAN SEMICONDUCTOR MNFTG ADR 5 ORD";US8740391003;5.0;301.903;12.29;0.00;1497.23;USD;1497.23;-14100.56;USD
29-12-2025 09:53:45;274794319;Vendita;ZSIL;"Swisscanto Silver ETF-A CHF";CH0183135976;10.0;167.66;13.11;0.00;1663.49;CHF;1663.49;1522.03;CHF
26-12-2025 12:00:06;00000000;Dividendo;NVDA;"NVIDIA ORD";US67066G1040;1.0;0.30;0.09;0.00;0.21;USD;0.21;-15597.79;USD
24-12-2025 15:55:21;274578280;Rettif. costi Borsa;CRWV;"COREWEAVE CL A ORD";US21873S1087;1.0;0.18;0.00;0.00;0.18;USD;0.18;-15598.00;USD
24-12-2025 15:55:17;274578280;Vendita;CRWV;"COREWEAVE CL A ORD";US21873S1087;100.0;78.85;42.01;0.00;7842.99;USD;7842.99;-15598.18;USD
23-12-2025 22:06:07;00000000;Versamento;;;;1.0;4000.00;0.00;0.00;4000.00;EUR;4000.00;8000.00;EUR
23-12-2025 19:44:51;274514392;Acquisto;NVDA;"NVIDIA ORD";US67066G1040;30.0;188.4299;38.48;0.00;-5691.38;USD;-5691.38;-23441.17;USD
23-12-2025 09:53:27;00000000;Versamento;;;;1.0;4000.00;0.00;0.00;4000.00;EUR;4000.00;4000.00;EUR
23-12-2025 09:19:11;274440888;Acquisto;ZSIL;"Swisscanto Silver ETF-A CHF";CH0183135976;5.0;156.98;8.44;0.00;-793.34;CHF;-793.34;-141.46;CHF
22-12-2025 17:24:55;274394792;Acquisto;AAPL;"APPLE ORD";US0378331005;5.0;272.4598;12.04;0.00;-1374.34;USD;-1374.34;-17749.79;USD
22-12-2025 17:24:36;274394787;Acquisto;AAPL;"APPLE ORD";US0378331005;5.0;272.4698;12.04;0.00;-1374.39;USD;-1374.39;-16375.45;USD
22-12-2025 09:32:08;274323649;Acquisto;ZSIL;"Swisscanto Silver ETF-A CHF";CH0183135976;5.0;156.38;6.12;0.00;-788.02;CHF;-788.02;651.88;CHF
15-12-2025 15:35:04;273708131;Rettif. costi Borsa;ORCL;"ORACLE ORD";US68389X1054;1.0;0.04;0.00;0.00;0.04;USD;0.04;-15001.06;USD
15-12-2025 15:34:52;273708114;Rettif. costi Borsa;ORCL;"ORACLE ORD";US68389X1054;1.0;0.04;0.00;0.00;0.04;USD;0.04;-15001.10;USD
15-12-2025 15:32:30;273708226;Acquisto;NVDA;"NVIDIA ORD";US67066G1040;10.0;177.7998;12.67;0.00;-1790.67;USD;-1790.67;-15001.14;USD
15-12-2025 15:32:10;273713235;Acquisto;NVDA;"NVIDIA ORD";US67066G1040;10.0;177.7398;12.67;0.00;-1790.07;USD;-1790.07;-13210.47;USD
15-12-2025 15:31:40;273708131;Vendita;ORCL;"ORACLE ORD";US68389X1054;7.0;186.00;6.98;0.00;1295.02;USD;1295.02;-11420.40;USD
15-12-2025 15:31:40;273708131;Vendita;ORCL;"ORACLE ORD";US68389X1054;3.0;186.00;5.85;0.00;552.15;USD;552.15;-12715.42;USD
15-12-2025 15:31:08;273708114;Vendita;ORCL;"ORACLE ORD";US68389X1054;10.0;186.0633;12.83;0.00;1847.80;USD;1847.80;-13267.57;USD
15-12-2025 15:30:29;273713076;Acquisto;NVDA;"NVIDIA ORD";US67066G1040;10.0;177.1698;12.66;0.00;-1784.36;USD;-1784.36;-15115.37;USD
15-12-2025 15:30:20;273708049;Acquisto;NVDA;"NVIDIA ORD";US67066G1040;10.0;177.4197;12.66;0.00;-1786.86;USD;-1786.86;-13331.01;USD
15-12-2025 09:41:04;00000000;Pagamento;;;;1.0;1000.00;19.00;0.00;981.00;CHF;981.00;1439.90;CHF
14-12-2025 12:00:15;00000000;Servizi Paganti;;;;1.0;-10.00;0.00;0.00;-10.00;USD;-10.00;-11544.15;USD
12-12-2025 18:56:23;273573991;Acquisto;INTC;"INTEL ORD";US4581401001;37.0;38.40;9.13;0.00;-1429.93;USD;-1429.93;-11534.15;USD
12-12-2025 18:56:23;273573991;Acquisto;INTC;"INTEL ORD";US4581401001;13.0;38.40;3.75;0.00;-502.95;USD;-502.95;-10104.22;USD
12-12-2025 18:05:57;273569185;Rettif. costi Borsa;PLTR;"PALANTIR TECHNOLOGIES CL A ORD";US69608A1088;1.0;0.08;0.00;0.00;0.08;USD;0.08;-9601.27;USD
12-12-2025 18:05:53;273569185;Vendita;PLTR;"PALANTIR TECHNOLOGIES CL A ORD";US69608A1088;15.0;181.50;29.15;0.00;2693.35;USD;2693.35;-9601.35;USD
12-12-2025 18:05:53;273569185;Vendita;PLTR;"PALANTIR TECHNOLOGIES CL A ORD";US69608A1088;5.0;181.50;6.38;0.00;901.12;USD;901.12;-12294.70;USD
11-12-2025 16:12:56;272732609;Acquisto;ORCL;"ORACLE ORD";US68389X1054;10.0;193.14;12.90;0.00;-1944.30;USD;-1944.30;-13195.82;USD
10-12-2025 20:16:00;272578256;Acquisto;AMZN;"AMAZON COM ORD";US0231351067;10.0;230.7297;33.46;0.00;-2340.76;USD;-2340.76;-11251.52;USD
10-12-2025 20:13:50;272577686;Rettif. costi Borsa;NVTS;"NAVITAS SEMICONDUCTOR ORD";US63942X1063;1.0;0.02;0.00;0.00;0.02;USD;0.02;-8910.76;USD
10-12-2025 20:13:48;272577686;Vendita;NVTS;"NAVITAS SEMICONDUCTOR ORD";US63942X1063;100.0;9.2101;6.40;0.00;914.61;USD;914.61;-8910.78;USD
08-12-2025 15:31:11;272330870;Acquisto;ORCL;"ORACLE ORD";US68389X1054;5.0;222.00;11.67;0.00;-1121.67;USD;-1121.67;-9825.39;USD
08-12-2025 15:31:11;272330864;Acquisto;ORCL;"ORACLE ORD";US68389X1054;5.0;222.00;11.67;0.00;-1121.67;USD;-1121.67;-8703.72;USD
08-12-2025 13:00:48;272330734;Accredito Forex;;;;1.0;2300.00;0.00;0.00;2300.00;USD;2300.00;-7582.05;USD
08-12-2025 13:00:48;272330734;Addebito Forex;;;;1.0;1870.05;0.00;0.00;-1870.05;CHF;-1870.05;458.90;CHF
08-12-2025 08:10:42;00000000;Pagamento;;;;1.0;2000.00;38.00;0.00;1962.00;CHF;1962.00;2328.95;CHF
24-11-2025 04:15:43;00000000;Pagamento;;;;1.0;100.00;0.00;0.00;100.00;CHF;100.00;366.95;CHF
20-11-2025 15:30:10;270362888;Acquisto;CRWV;"COREWEAVE CL A ORD";US21873S1087;140.0;82.55;72.34;0.00;-11629.34;USD;-11629.34;-9882.05;USD
20-11-2025 12:41:56;270352602;Accredito Forex;;;;1.0;14117.71;0.00;0.00;14117.71;USD;14117.71;1747.29;USD
20-11-2025 12:41:56;270352602;Addebito Forex;;;;1.0;11500.00;0.00;0.00;-11500.00;CHF;-11500.00;266.95;CHF
20-11-2025 12:33:27;270352338;Vendita;ZUGER;"ZUGER KB N";CH0493891243;1.0;8680.00;38.85;0.00;8641.15;CHF;8641.15;11766.95;CHF
20-11-2025 12:32:56;270351757;Vendita;ZGLD;"Swisscanto GOLD ETF";CH0139101593;4.0;969.90;14.85;0.00;3864.75;CHF;3864.75;3125.80;CHF
17-11-2025 04:30:44;00000000;Pagamento;;;;1.0;100.00;0.00;0.00;100.00;CHF;100.00;-738.95;CHF
14-11-2025 17:14:02;269843419;Acquisto;CRWV;"COREWEAVE CL A ORD";US21873S1087;15.0;78.999;11.78;0.00;-1196.77;USD;-1196.77;-12370.42;USD
14-11-2025 17:12:40;269843167;Acquisto;CRWV;"COREWEAVE CL A ORD";US21873S1087;11.0;78.50;8.30;0.00;-871.80;USD;-871.80;-11173.65;USD
14-11-2025 17:12:40;269843167;Acquisto;CRWV;"COREWEAVE CL A ORD";US21873S1087;4.0;78.50;3.47;0.00;-317.47;USD;-317.47;-10301.85;USD
14-11-2025 12:00:16;00000000;Servizi Paganti;;;;1.0;-10.00;0.00;0.00;-10.00;USD;-10.00;-9984.38;USD
13-11-2025 20:44:06;269704723;Acquisto;PLTR;"PALANTIR TECHNOLOGIES CL A ORD";US69608A1088;7.0;173.12;6.82;0.00;-1218.66;USD;-1218.66;-9974.38;USD
13-11-2025 20:44:06;269704723;Acquisto;PLTR;"PALANTIR TECHNOLOGIES CL A ORD";US69608A1088;3.0;173.12;5.78;0.00;-525.14;USD;-525.14;-8755.72;USD
13-11-2025 15:53:31;269646257;Acquisto;NVDA;"NVIDIA ORD";US67066G1040;10.0;188.3299;12.82;0.00;-1896.12;USD;-1896.12;-8230.58;USD
13-11-2025 10:45:09;269620856;Acquisto;ZGLD;"Swisscanto GOLD ETF";CH0139101593;1.0;998.10;8.60;0.00;-1006.70;CHF;-1006.70;-838.95;CHF
11-11-2025 15:30:15;269432692;Acquisto;NVTS;"NAVITAS SEMICONDUCTOR ORD";US63942X1063;50.0;9.43;3.71;0.00;-475.21;USD;-475.21;-6334.46;USD
11-11-2025 15:30:13;269430876;Acquisto;TSM;"TAIWAN SEMICONDUCTOR MNFTG ADR 5 ORD";US8740391003;5.0;291.50;12.19;0.00;-1469.69;USD;-1469.69;-5859.25;USD
11-11-2025 15:30:05;269432710;Acquisto;CRWV;"COREWEAVE CL A ORD";US21873S1087;15.0;96.00;12.16;0.00;-1452.16;USD;-1452.16;-4389.56;USD
10-11-2025 15:39:00;269302810;Acquisto;NVTS;"NAVITAS SEMICONDUCTOR ORD";US63942X1063;50.0;8.62;3.65;0.00;-434.65;USD;-434.65;-2937.40;USD
10-11-2025 15:30:49;269300887;Acquisto;NVDA;"NVIDIA ORD";US67066G1040;7.0;194.50;7.04;0.00;-1368.54;USD;-1368.54;-2502.75;USD
10-11-2025 15:30:49;269305509;Acquisto;NVDA;"NVIDIA ORD";US67066G1040;7.0;194.50;7.04;0.00;-1368.54;USD;-1368.54;-1134.21;USD
10-11-2025 15:30:49;269300887;Acquisto;NVDA;"NVIDIA ORD";US67066G1040;3.0;194.50;5.88;0.00;-589.38;USD;-589.38;234.33;USD
10-11-2025 15:30:48;269305509;Acquisto;NVDA;"NVIDIA ORD";US67066G1040;3.0;194.50;5.88;0.00;-589.38;USD;-589.38;823.71;USD
10-11-2025 15:30:30;269300851;Acquisto;TSM;"TAIWAN SEMICONDUCTOR MNFTG ADR 5 ORD";US8740391003;5.0;294.00;12.21;0.00;-1482.21;USD;-1482.21;1413.09;USD
10-11-2025 15:30:29;269305472;Acquisto;CRWV;"COREWEAVE CL A ORD";US21873S1087;15.0;109.00;12.45;0.00;-1647.45;USD;-1647.45;2895.30;USD
10-11-2025 15:30:22;269294084;Acquisto;PLTR;"PALANTIR TECHNOLOGIES CL A ORD";US69608A1088;7.0;184.00;6.93;0.00;-1294.93;USD;-1294.93;4542.75;USD
10-11-2025 15:30:22;269294084;Acquisto;PLTR;"PALANTIR TECHNOLOGIES CL A ORD";US69608A1088;3.0;184.00;5.83;0.00;-557.83;USD;-557.83;5837.68;USD
10-11-2025 09:51:46;269259099;Acquisto;ZUGER;"ZUGER KB N";CH0493891243;1.0;8800.00;38.45;0.00;-8838.45;CHF;-8838.45;167.75;CHF
10-11-2025 04:05:58;00000000;Pagamento;;;;1.0;100.00;0.00;0.00;100.00;CHF;100.00;9006.20;CHF
07-11-2025 15:56:09;269099742;Accredito Forex;;;;1.0;1000.00;0.00;0.00;1000.00;CHF;1000.00;8906.20;CHF
07-11-2025 15:56:09;269099742;Addebito Forex;;;;1.0;1255.08;0.00;0.00;-1255.08;USD;-1255.08;6395.51;USD
07-11-2025 15:52:38;269099307;Rettif. costi Borsa;AMD;"ADVANCED MICRO DEVICES ORD";US0079031078;1.0;0.13;0.00;0.00;0.13;USD;0.13;7650.59;USD
07-11-2025 15:52:35;269099307;Vendita;AMD;"ADVANCED MICRO DEVICES ORD";US0079031078;24.0;230.4314;38.43;0.00;5491.92;USD;5491.92;7650.46;USD
07-11-2025 15:52:28;269099294;Rettif. costi Borsa;NVDA;"NVIDIA ORD";US67066G1040;1.0;0.08;0.00;0.00;0.08;USD;0.08;2158.54;USD
07-11-2025 15:52:27;269099294;Vendita;NVDA;"NVIDIA ORD";US67066G1040;20.0;183.4702;35.58;0.00;3633.82;USD;3633.82;2158.46;USD
07-11-2025 15:51:34;269102844;Rettif. costi Borsa;PLTR;"PALANTIR TECHNOLOGIES CL A ORD";US69608A1088;1.0;0.10;0.00;0.00;0.10;USD;0.10;-1475.36;USD
07-11-2025 15:51:32;269102844;Vendita;PLTR;"PALANTIR TECHNOLOGIES CL A ORD";US69608A1088;25.0;171.9114;36.55;0.00;4261.24;USD;4261.24;-1475.46;USD
07-11-2025 15:51:28;269102773;Rettif. costi Borsa;TSLA;"TESLA ORD";US88160R1014;1.0;0.04;0.00;0.00;0.04;USD;0.04;-5736.70;USD
07-11-2025 15:51:27;269102773;Vendita;TSLA;"TESLA ORD";US88160R1014;3.0;424.60;8.94;0.00;1264.86;USD;1264.86;-5736.74;USD
07-11-2025 15:51:27;269102773;Vendita;TSLA;"TESLA ORD";US88160R1014;1.0;424.60;3.65;0.00;420.95;USD;420.95;-7001.60;USD
07-11-2025 01:30:49;00000000;Pagamento;;;;1.0;7790.40;0.00;0.00;7790.40;CHF;7790.40;7906.20;CHF
05-11-2025 16:12:42;268463738;Acquisto;PLTR;"PALANTIR TECHNOLOGIES CL A ORD";US69608A1088;5.0;182.80;6.37;0.00;-920.37;USD;-920.37;-7422.55;USD
05-11-2025 15:30:13;268445645;Acquisto;AMD;"ADVANCED MICRO DEVICES ORD";US0079031078;4.0;243.09;6.46;0.00;-978.82;USD;-978.82;-6502.18;USD
04-11-2025 17:22:24;268269709;Acquisto;TSLA;"TESLA ORD";US88160R1014;4.0;452.0092;12.71;0.00;-1820.75;USD;-1820.75;-5523.36;USD
04-11-2025 15:35:54;268251594;Acquisto;AMD;"ADVANCED MICRO DEVICES ORD";US0079031078;6.0;249.00;12.24;0.00;-1506.24;USD;-1506.24;-3702.61;USD
04-11-2025 15:35:25;268240284;Rettif. costi Borsa;CRWV;"COREWEAVE CL A ORD";US21873S1087;1.0;0.02;0.00;0.00;0.02;USD;0.02;-2196.37;USD
04-11-2025 15:34:55;268240727;Rettif. costi Borsa;ALAB;"ASTERA LABS ORD";US04626A1034;1.0;0.02;0.00;0.00;0.02;USD;0.02;-2196.39;USD
04-11-2025 15:34:15;268240702;Rettif. costi Borsa;NVTS;"NAVITAS SEMICONDUCTOR ORD";US63942X1063;1.0;0.04;0.00;0.00;0.04;USD;0.04;-2196.41;USD
04-11-2025 15:32:51;268246701;Acquisto;AMD;"ADVANCED MICRO DEVICES ORD";US0079031078;7.0;248.8279;12.61;0.00;-1754.41;USD;-1754.41;-2196.45;USD
04-11-2025 15:31:49;268240270;Rettif. costi Borsa;INTC;"INTEL ORD";US4581401001;1.0;0.03;0.00;0.00;0.03;USD;0.03;-442.04;USD
04-11-2025 15:30:50;268240284;Vendita;CRWV;"COREWEAVE CL A ORD";US21873S1087;5.0;120.60;2.92;0.00;600.08;USD;600.08;-442.07;USD
04-11-2025 15:30:50;268240284;Vendita;CRWV;"COREWEAVE CL A ORD";US21873S1087;2.0;120.60;3.37;0.00;237.83;USD;237.83;-1042.15;USD
04-11-2025 15:30:48;268240727;Vendita;ALAB;"ASTERA LABS ORD";US04626A1034;5.0;182.75;6.39;0.00;907.36;USD;907.36;-1279.98;USD
04-11-2025 15:30:33;268237735;Rettif. costi Borsa;RIVN;"RIVIAN AUTOMOTIVE CL A ORD";US76954A1034;1.0;0.01;0.00;0.00;0.01;USD;0.01;-2187.34;USD
04-11-2025 15:30:28;268240702;Vendita;NVTS;"NAVITAS SEMICONDUCTOR ORD";US63942X1063;150.0;10.30;12.36;0.00;1532.64;USD;1532.64;-2187.35;USD
04-11-2025 15:30:11;268240270;Vendita;INTC;"INTEL ORD";US4581401001;40.0;38.20;12.32;0.00;1515.68;USD;1515.68;-3719.99;USD
04-11-2025 15:30:05;268237735;Vendita;RIVN;"RIVIAN AUTOMOTIVE CL A ORD";US76954A1034;42.0;12.96;5.83;0.00;538.49;USD;538.49;-5235.67;USD
03-11-2025 15:32:02;268061975;Acquisto;PLTR;"PALANTIR TECHNOLOGIES CL A ORD";US69608A1088;2.0;204.599;3.61;0.00;-412.81;USD;-412.81;-5774.16;USD
03-11-2025 15:30:23;268054773;Acquisto;ALAB;"ASTERA LABS ORD";US04626A1034;5.0;190.48;6.43;0.00;-958.83;USD;-958.83;-5361.35;USD
03-11-2025 15:30:20;268057503;Acquisto;PLTR;"PALANTIR TECHNOLOGIES CL A ORD";US69608A1088;9.0;205.00;12.77;0.00;-1857.77;USD;-1857.77;-4402.52;USD
03-11-2025 15:30:14;268045553;Acquisto;NVTS;"NAVITAS SEMICONDUCTOR ORD";US63942X1063;75.0;13.20;6.45;0.00;-996.45;USD;-996.45;-2544.75;USD
03-11-2025 05:26:32;00000000;Pagamento;;;;1.0;100.00;0.00;0.00;100.00;CHF;100.00;115.80;CHF
31-10-2025 20:07:34;267818975;Acquisto;INTC;"INTEL ORD";US4581401001;40.0;39.9899;12.40;0.00;-1612.00;USD;-1612.00;-1548.30;USD
31-10-2025 15:20:39;267789602;Rettif. costi Borsa;MSFT;"MICROSOFT ORD";US5949181045;1.0;0.02;0.00;0.00;0.02;USD;0.02;63.70;USD
31-10-2025 15:20:37;267789602;Vendita;MSFT;"MICROSOFT ORD";US5949181045;2.0;517.195;11.57;0.00;1022.82;USD;1022.82;63.68;USD
31-10-2025 15:19:28;267789449;Acquisto;MSFT;"MICROSOFT ORD";US5949181045;1.0;517.606;5.78;0.00;-523.39;USD;-523.39;-959.14;USD
31-10-2025 15:17:36;267789238;Rettif. costi Borsa;AAPL;"APPLE ORD";US0378331005;1.0;0.04;0.00;0.00;0.04;USD;0.04;-435.75;USD
31-10-2025 15:17:34;267789238;Vendita;AAPL;"APPLE ORD";US0378331005;7.0;269.90;12.87;0.00;1876.43;USD;1876.43;-435.79;USD
31-10-2025 14:40:23;267759205;Rettif. costi Borsa;AMZN;"AMAZON COM ORD";US0231351067;1.0;0.04;0.00;0.00;0.04;USD;0.04;-2312.22;USD
31-10-2025 14:40:05;267754985;Rettif. costi Borsa;AMZN;"AMAZON COM ORD";US0231351067;1.0;0.04;0.00;0.00;0.04;USD;0.04;-2312.26;USD
31-10-2025 14:33:19;267759205;Vendita;AMZN;"AMAZON COM ORD";US0231351067;1.0;249.0004;0.38;0.00;248.62;USD;248.62;-2312.30;USD
31-10-2025 14:33:19;267759205;Vendita;AMZN;"AMAZON COM ORD";US0231351067;6.0;249.02;12.27;0.00;1481.85;USD;1481.85;-2560.92;USD
31-10-2025 14:32:34;267754985;Vendita;AMZN;"AMAZON COM ORD";US0231351067;5.0;250.00;8.91;0.00;1241.09;USD;1241.09;-4042.77;USD
31-10-2025 14:32:34;267754985;Vendita;AMZN;"AMAZON COM ORD";US0231351067;2.0;250.00;3.76;0.00;496.24;USD;496.24;-5283.86;USD
30-10-2025 17:28:28;267641831;Acquisto;AMZN;"AMAZON COM ORD";US0231351067;4.0;226.00;8.35;0.00;-912.35;USD;-912.35;-5780.10;USD
30-10-2025 17:28:28;267641831;Acquisto;AMZN;"AMAZON COM ORD";US0231351067;2.0;226.00;3.68;0.00;-455.68;USD;-455.68;-4867.75;USD
30-10-2025 16:35:02;267420469;Rettif. costi Borsa;ORCL;"ORACLE ORD";US68389X1054;1.0;0.04;0.00;0.00;0.04;USD;0.04;-4412.07;USD
30-10-2025 16:35:01;267420469;Vendita;ORCL;"ORACLE ORD";US68389X1054;6.0;259.82;12.38;0.00;1546.54;USD;1546.54;-4412.11;USD
30-10-2025 14:47:26;267492068;Acquisto;NVTS;"NAVITAS SEMICONDUCTOR ORD";US63942X1063;75.0;12.9499;6.46;0.00;-977.70;USD;-977.70;-5958.65;USD
29-10-2025 19:31:31;267329060;Acquisto;MSFT;"MICROSOFT ORD";US5949181045;1.0;539.7592;5.81;0.00;-545.57;USD;-545.57;-4980.95;USD
29-10-2025 14:30:18;267285771;Acquisto;PLTR;"PALANTIR TECHNOLOGIES CL A ORD";US69608A1088;9.0;190.50;12.57;0.00;-1727.07;USD;-1727.07;-4435.38;USD
29-10-2025 04:45:15;00000000;Transazione con carta;;"Nicolet La Sage Espace";;1.0;-14.00;0.00;0.00;-14.00;CHF;-14.00;15.80;CHF
28-10-2025 14:35:09;267104886;Acquisto;AMD;"ADVANCED MICRO DEVICES ORD";US0079031078;7.0;260.955;12.74;0.00;-1839.43;USD;-1839.43;-2708.31;USD
28-10-2025 14:30:20;267104942;Acquisto;CRWV;"COREWEAVE CL A ORD";US21873S1087;7.0;137.50;6.44;0.00;-968.94;USD;-968.94;-868.88;USD
27-10-2025 17:36:58;266968101;Acquisto;RIVN;"RIVIAN AUTOMOTIVE CL A ORD";US76954A1034;42.0;13.4299;5.85;0.00;-569.91;USD;-569.91;100.06;USD
27-10-2025 15:23:42;266944326;Acquisto;AAPL;"APPLE ORD";US0378331005;7.0;266.0596;12.79;0.00;-1875.21;USD;-1875.21;669.97;USD
27-10-2025 15:19:06;266943058;Acquisto;AMZN;"AMAZON COM ORD";US0231351067;6.0;227.50;9.05;0.00;-1374.05;USD;-1374.05;2545.18;USD
27-10-2025 15:19:06;266943058;Acquisto;AMZN;"AMAZON COM ORD";US0231351067;2.0;227.50;3.68;0.00;-458.68;USD;-458.68;3919.23;USD
27-10-2025 14:30:29;266901737;Acquisto;ORCL;"ORACLE ORD";US68389X1054;4.0;285.00;6.71;0.00;-1146.71;USD;-1146.71;4377.91;USD
27-10-2025 14:30:29;266901737;Acquisto;ORCL;"ORACLE ORD";US68389X1054;2.0;285.00;5.86;0.00;-575.86;USD;-575.86;5524.62;USD
27-10-2025 09:28:40;266843807;Acquisto;ZGLD;"Swisscanto GOLD ETF";CH0139101593;1.0;958.50;8.55;0.00;-967.05;CHF;-967.05;29.80;CHF
27-10-2025 09:26:03;00000000;Pagamento;;;;1.0;850.00;16.15;0.00;833.85;CHF;833.85;996.85;CHF
27-10-2025 05:22:26;00000000;Pagamento;;;;1.0;100.00;0.00;0.00;100.00;CHF;100.00;163.00;CHF
26-10-2025 17:18:33;266739405;Vendita;ETH;"ETH";EX0X00ETH000;0.5;4050.50;20.25;0.00;2005.00;USD;2005.00;6100.48;USD
25-10-2025 08:05:21;266708966;Acquisto;ETH;"ETH";EX0X00ETH000;0.5;3930.00;19.65;0.00;-1984.65;USD;-1984.65;4095.48;USD
24-10-2025 15:36:16;266657248;Rettif. costi Borsa;INTC;"INTEL ORD";US4581401001;1.0;0.01;0.00;0.00;0.01;USD;0.01;6080.13;USD
24-10-2025 15:35:36;266655472;Rettif. costi Borsa;INTC;"INTEL ORD";US4581401001;1.0;0.02;0.00;0.00;0.02;USD;0.02;6080.12;USD
24-10-2025 15:33:18;266655762;Rettif. costi Borsa;TSLA;"TESLA ORD";US88160R1014;1.0;0.04;0.00;0.00;0.04;USD;0.04;6080.10;USD
24-10-2025 15:33:14;266655462;Rettif. costi Borsa;INTC;"INTEL ORD";US4581401001;1.0;0.02;0.00;0.00;0.02;USD;0.02;6080.06;USD
24-10-2025 15:31:57;266657248;Vendita;INTC;"INTEL ORD";US4581401001;10.0;40.0203;3.61;0.00;396.59;USD;396.59;6080.04;USD
24-10-2025 15:31:46;266655546;Rettif. costi Borsa;TSLA;"TESLA ORD";US88160R1014;1.0;0.04;0.00;0.00;0.04;USD;0.04;5683.45;USD
24-10-2025 15:30:39;266655472;Vendita;INTC;"INTEL ORD";US4581401001;15.0;41.00;2.93;0.00;612.07;USD;612.07;5683.41;USD
24-10-2025 15:30:39;266655472;Vendita;INTC;"INTEL ORD";US4581401001;5.0;41.00;3.32;0.00;201.68;USD;201.68;5071.34;USD
24-10-2025 15:30:17;266655762;Vendita;TSLA;"TESLA ORD";US88160R1014;3.0;449.00;9.05;0.00;1337.95;USD;1337.95;4869.66;USD
24-10-2025 15:30:17;266655762;Vendita;TSLA;"TESLA ORD";US88160R1014;1.0;449.00;3.68;0.00;445.32;USD;445.32;3531.71;USD
24-10-2025 15:30:17;266655462;Vendita;INTC;"INTEL ORD";US4581401001;15.0;40.50;2.93;0.00;604.57;USD;604.57;3086.39;USD
24-10-2025 15:30:16;266655462;Vendita;INTC;"INTEL ORD";US4581401001;5.0;40.50;3.31;0.00;199.19;USD;199.19;2481.82;USD
24-10-2025 15:30:09;266655546;Vendita;TSLA;"TESLA ORD";US88160R1014;4.0;447.08;12.72;0.00;1775.60;USD;1775.60;2282.63;USD
24-10-2025 11:09:33;266631272;Acquisto;ZGLD;"Swisscanto GOLD ETF";CH0139101593;2.0;961.00;13.30;0.00;-1935.30;CHF;-1935.30;63.00;CHF
23-10-2025 19:05:01;266544177;Accredito Forex;;;;1.0;1800.00;0.00;0.00;1800.00;CHF;1800.00;1998.30;CHF
23-10-2025 19:05:01;266544177;Addebito Forex;;;;1.0;2283.72;0.00;0.00;-2283.72;USD;-2283.72;507.03;USD
23-10-2025 18:59:53;266544041;Acquisto;INTC;"INTEL ORD";US4581401001;18.0;37.50;3.02;0.00;-678.02;USD;-678.02;2790.75;USD
23-10-2025 18:59:53;266544041;Acquisto;INTC;"INTEL ORD";US4581401001;7.0;37.50;3.39;0.00;-265.89;USD;-265.89;3468.77;USD
23-10-2025 18:59:48;266486648;Rettif. costi Borsa;TSLA;"TESLA ORD";US88160R1014;1.0;0.02;0.00;0.00;0.02;USD;0.02;3734.66;USD
23-10-2025 18:59:45;266486648;Vendita;TSLA;"TESLA ORD";US88160R1014;1.0;445.00;2.68;0.00;442.32;USD;442.32;3734.64;USD
23-10-2025 18:59:45;266486648;Vendita;TSLA;"TESLA ORD";US88160R1014;1.0;445.00;3.68;0.00;441.32;USD;441.32;3292.32;USD
23-10-2025 18:53:45;266487150;Rettif. costi Borsa;TSLA;"TESLA ORD";US88160R1014;1.0;0.02;0.00;0.00;0.02;USD;0.02;2851.00;USD
23-10-2025 18:53:43;266487150;Vendita;TSLA;"TESLA ORD";US88160R1014;1.0;443.00;2.68;0.00;440.32;USD;440.32;2850.98;USD
23-10-2025 18:53:43;266487150;Vendita;TSLA;"TESLA ORD";US88160R1014;1.0;443.00;3.67;0.00;439.33;USD;439.33;2410.66;USD
23-10-2025 18:44:17;266487117;Rettif. costi Borsa;TSLA;"TESLA ORD";US88160R1014;1.0;0.02;0.00;0.00;0.02;USD;0.02;1971.33;USD
23-10-2025 18:44:16;266487117;Vendita;TSLA;"TESLA ORD";US88160R1014;1.0;441.00;2.67;0.00;438.33;USD;438.33;1971.31;USD
23-10-2025 18:44:16;266487117;Vendita;TSLA;"TESLA ORD";US88160R1014;1.0;441.00;3.67;0.00;437.33;USD;437.33;1532.98;USD
23-10-2025 18:40:19;266487083;Rettif. costi Borsa;TSLA;"TESLA ORD";US88160R1014;1.0;0.02;0.00;0.00;0.02;USD;0.02;1095.65;USD
23-10-2025 18:40:16;266487083;Vendita;TSLA;"TESLA ORD";US88160R1014;1.0;439.00;2.67;0.00;436.33;USD;436.33;1095.63;USD
23-10-2025 18:40:15;266487083;Vendita;TSLA;"TESLA ORD";US88160R1014;1.0;439.00;3.67;0.00;435.33;USD;435.33;659.30;USD
23-10-2025 05:11:35;00000000;Prelevamento;;;;1.0;44000.00;0.00;0.00;-44000.00;CHF;-44000.00;198.30;CHF
22-10-2025 20:08:08;266407489;Acquisto;TSLA;"TESLA ORD";US88160R1014;10.0;431.50;26.47;0.00;-4341.47;USD;-4341.47;223.97;USD
22-10-2025 20:08:07;266407489;Acquisto;TSLA;"TESLA ORD";US88160R1014;4.0;431.50;12.59;0.00;-1738.59;USD;-1738.59;4565.44;USD
22-10-2025 20:04:01;266406748;Accredito Forex;;;;1.0;6227.05;0.00;0.00;6227.05;USD;6227.05;6304.03;USD
22-10-2025 20:04:01;266406748;Addebito Forex;;;;1.0;5000.00;0.00;0.00;-5000.00;CHF;-5000.00;44198.30;CHF
22-10-2025 18:36:38;266399670;Accredito Forex;;;;1.0;4883.56;0.00;0.00;4883.56;CHF;4883.56;49198.30;CHF
22-10-2025 18:36:38;266399670;Addebito Forex;;;;1.0;6200.00;0.00;0.00;-6200.00;USD;-6200.00;76.98;USD
22-10-2025 18:35:45;266399621;Rettif. costi Borsa;PLTR;"PALANTIR TECHNOLOGIES CL A ORD";US69608A1088;1.0;0.02;0.00;0.00;0.02;USD;0.02;6276.98;USD
22-10-2025 18:35:44;266399621;Vendita;PLTR;"PALANTIR TECHNOLOGIES CL A ORD";US69608A1088;5.0;171.755;6.31;0.00;852.47;USD;852.47;6276.96;USD
22-10-2025 18:35:07;266399888;Rettif. costi Borsa;COIN;"COINBASE GLOBAL CL A ORD";US19260Q1076;1.0;0.07;0.00;0.00;0.07;USD;0.07;5424.49;USD
22-10-2025 18:35:05;266399888;Vendita;COIN;"COINBASE GLOBAL CL A ORD";US19260Q1076;10.0;314.27;34.78;0.00;3107.92;USD;3107.92;5424.42;USD
22-10-2025 18:34:59;266399597;Rettif. costi Borsa;AMZN;"AMAZON COM ORD";US0231351067;1.0;0.05;0.00;0.00;0.05;USD;0.05;2316.50;USD
22-10-2025 18:34:56;266399597;Vendita;AMZN;"AMAZON COM ORD";US0231351067;7.0;218.55;27.33;0.00;1502.52;USD;1502.52;2316.45;USD
22-10-2025 18:34:56;266399597;Vendita;AMZN;"AMAZON COM ORD";US0231351067;3.0;218.55;6.00;0.00;649.65;USD;649.65;813.93;USD
22-10-2025 11:11:26;00000000;Prelevamento;;;;1.0;15000.00;0.00;0.00;-15000.00;EUR;-15000.00;0.00;EUR
22-10-2025 11:04:52;266340061;Accredito Forex;;;;1.0;15000.00;0.00;0.00;15000.00;EUR;15000.00;15000.00;EUR
22-10-2025 11:04:52;266340061;Addebito Forex;;;;1.0;13982.25;0.00;0.00;-13982.25;CHF;-13982.25;44314.74;CHF
22-10-2025 11:02:55;266339966;Accredito Forex;;;;1.0;4731.13;0.00;0.00;4731.13;CHF;4731.13;58296.99;CHF
22-10-2025 11:02:55;266339966;Addebito Forex;;;;1.0;6000.00;0.00;0.00;-6000.00;USD;-6000.00;164.28;USD
22-10-2025 10:54:24;266338998;Vendita;BTC;"BTC";EX0X00XBT000;0.04;108284.00;43.31;0.00;4288.05;USD;4288.05;6164.28;USD
22-10-2025 10:54:23;266338998;Vendita;BTC;"BTC";EX0X00XBT000;0.01;108285.00;10.83;0.00;1072.02;USD;1072.02;1876.23;USD
22-10-2025 10:53:36;266338943;Vendita;ZGLD;"Swisscanto GOLD ETF";CH0139101593;55.0;965.10;59.10;0.00;53021.40;CHF;53021.40;53565.86;CHF
22-10-2025 10:22:07;266337393;Acquisto;ZGLD;"Swisscanto GOLD ETF";CH0139101593;55.0;968.87;49.80;0.00;-53337.65;CHF;-53337.65;544.46;CHF
22-10-2025 10:15:19;266334552;Vendita;ZGLD;"Swisscanto GOLD ETF";CH0139101593;55.0;958.20;58.80;0.00;52642.20;CHF;52642.20;53882.11;CHF
22-10-2025 09:58:57;266336457;Acquisto;ZGLD;"Swisscanto GOLD ETF";CH0139101593;15.0;975.00;24.50;0.00;-14649.50;CHF;-14649.50;1239.91;CHF
22-10-2025 09:54:30;266332775;Acquisto;ZGLD;"Swisscanto GOLD ETF";CH0139101593;10.0;977.00;20.15;0.00;-9790.15;CHF;-9790.15;15889.41;CHF
22-10-2025 09:31:41;266306201;Acquisto;ZGLD;"Swisscanto GOLD ETF";CH0139101593;10.0;977.00;20.15;0.00;-9790.15;CHF;-9790.15;25679.56;CHF
22-10-2025 09:02:29;266264475;Acquisto;ZGLD;"Swisscanto GOLD ETF";CH0139101593;10.0;980.00;20.15;0.00;-9820.15;CHF;-9820.15;35469.71;CHF
22-10-2025 09:01:04;266263350;Acquisto;ZGLD;"Swisscanto GOLD ETF";CH0139101593;10.0;980.70;20.15;0.00;-9827.15;CHF;-9827.15;45289.86;CHF
22-10-2025 05:51:34;266253070;Acquisto;BTC;"BTC";EX0X00XBT000;0.01;108204.00;10.82;0.00;-1092.86;USD;-1092.86;804.21;USD
22-10-2025 05:51:34;266253070;Acquisto;BTC;"BTC";EX0X00XBT000;0.04;108205.00;43.28;0.00;-4371.48;USD;-4371.48;1897.07;USD
21-10-2025 15:45:49;266110264;Rettif. costi Borsa;NVTS;"NAVITAS SEMICONDUCTOR ORD";US63942X1063;1.0;0.04;0.00;0.00;0.04;USD;0.04;6268.55;USD
21-10-2025 15:45:48;266110264;Vendita;NVTS;"NAVITAS SEMICONDUCTOR ORD";US63942X1063;16.0;15.50;0.39;0.00;247.61;USD;247.61;6268.51;USD
21-10-2025 15:45:48;266110264;Vendita;NVTS;"NAVITAS SEMICONDUCTOR ORD";US63942X1063;84.0;15.50;11.98;0.00;1290.02;USD;1290.02;6020.90;USD
21-10-2025 11:27:59;266173182;Vendita;ZSIL;"Swisscanto Silver ETF-A CHF";CH0183135976;100.0;113.18;21.55;0.00;11296.45;CHF;11296.45;55117.01;CHF
21-10-2025 11:18:51;266172207;Vendita;ZGLD;"Swisscanto GOLD ETF";CH0139101593;55.0;1004.00;61.05;0.00;55158.95;CHF;55158.95;43820.56;CHF
20-10-2025 20:57:20;266109208;Acquisto;NVTS;"NAVITAS SEMICONDUCTOR ORD";US63942X1063;100.0;17.0099;12.55;0.00;-1713.54;USD;-1713.54;4730.88;USD
20-10-2025 20:31:52;266106743;Acquisto;AMZN;"AMAZON COM ORD";US0231351067;7.0;215.74;27.27;0.00;-1537.45;USD;-1537.45;6444.42;USD
20-10-2025 20:31:51;266106743;Acquisto;AMZN;"AMAZON COM ORD";US0231351067;3.0;215.74;5.97;0.00;-653.19;USD;-653.19;7981.87;USD
20-10-2025 19:37:39;266103265;Vendita;BTC;"BTC";EX0X00XBT000;0.02;109988.00;22.00;0.00;2177.76;USD;2177.76;8635.06;USD
20-10-2025 18:48:23;266099591;Vendita;XRP;"XRP";EX0X00XRP000;1000.0;2.42972;24.30;0.00;2405.42;USD;2405.42;6457.30;USD
20-10-2025 18:00:30;266095651;Vendita;ETH;"ETH";EX0X00ETH000;1.0;3984.80;39.85;0.00;3944.95;USD;3944.95;4051.88;USD
20-10-2025 16:05:37;266045982;Acquisto;PLTR;"PALANTIR TECHNOLOGIES CL A ORD";US69608A1088;5.0;180.135;6.35;0.00;-907.03;USD;-907.03;106.93;USD
20-10-2025 15:31:22;266011068;Acquisto;TSLA;"TESLA ORD";US88160R1014;2.0;444.54;6.33;0.00;-895.41;USD;-895.41;1013.96;USD
20-10-2025 15:31:17;265995049;Acquisto;INTC;"INTEL ORD";US4581401001;25.0;37.75;6.42;0.00;-950.17;USD;-950.17;1909.37;USD
20-10-2025 09:51:32;265990094;Acquisto;ZSIL;"Swisscanto Silver ETF-A CHF";CH0183135976;100.0;117.76;21.95;0.00;-11797.95;CHF;-11797.95;-11338.39;CHF
20-10-2025 09:01:09;265965510;Acquisto;ZGLD;"Swisscanto GOLD ETF";CH0139101593;5.0;998.80;15.85;0.00;-5009.85;CHF;-5009.85;459.56;CHF
20-10-2025 04:10:59;00000000;Pagamento;;;;1.0;100.00;0.00;0.00;100.00;CHF;100.00;5469.41;CHF
18-10-2025 10:19:16;265905788;Acquisto;ETH;"ETH";EX0X00ETH000;1.0;3896.80;38.97;0.00;-3935.77;USD;-3935.77;2859.54;USD
18-10-2025 10:18:14;265905996;Acquisto;XRP;"XRP";EX0X00XRP000;1000.0;2.35706;23.57;0.00;-2380.63;USD;-2380.63;6795.31;USD
18-10-2025 10:15:44;265905757;Acquisto;BTC;"BTC";EX0X00XBT000;0.01;106936.00;10.69;0.00;-1080.05;USD;-1080.05;9175.94;USD
18-10-2025 10:15:44;265905757;Acquisto;BTC;"BTC";EX0X00XBT000;0.01;106934.00;10.69;0.00;-1080.03;USD;-1080.03;10255.99;USD
17-10-2025 17:05:13;265867534;Acquisto;ZGLD;"Swisscanto GOLD ETF";CH0139101593;18.0;1000.00;27.55;0.00;-18027.55;CHF;-18027.55;5369.41;CHF
17-10-2025 16:11:08;265851589;Vendita;ZSILUS;"Swisscanto Silver ETF-A USD";CH0183136008;23.0;465.6288;17.88;0.00;10691.58;USD;10691.58;11336.02;USD
17-10-2025 16:10:51;265851569;Vendita;ZSIL;"Swisscanto Silver ETF-A CHF";CH0183135976;200.0;117.10;32.40;0.00;23387.60;CHF;23387.60;23396.96;CHF
17-10-2025 09:05:26;265608432;Acquisto;ZSILUS;"Swisscanto Silver ETF-A USD";CH0183136008;4.0;487.00;13.85;0.00;-1961.85;USD;-1961.85;644.44;USD
17-10-2025 08:28:57;265607705;Vendita;BTC;"BTC";EX0X00XBT000;0.01;107853.00;10.79;0.00;1067.74;USD;1067.74;2606.29;USD
17-10-2025 08:28:51;265607705;Vendita;BTC;"BTC";EX0X00XBT000;0.01;107853.00;10.79;0.00;1067.74;USD;1067.74;1538.55;USD
16-10-2025 10:12:29;265425277;Acquisto;ZSILUS;"Swisscanto Silver ETF-A USD";CH0183136008;4.0;474.00;13.78;0.00;-1909.78;USD;-1909.78;470.81;USD
15-10-2025 20:36:42;265355087;Rettif. costi Borsa;RACE;"FERRARI ORD";NL0011585146;1.0;0.04;0.00;0.00;0.04;USD;0.04;2380.59;USD
15-10-2025 20:36:40;265355087;Vendita;RACE;"FERRARI ORD";NL0011585146;5.0;390.85;12.97;0.00;1941.28;USD;1941.28;2380.55;USD
15-10-2025 17:14:20;265332953;Acquisto;ZSILUS;"Swisscanto Silver ETF-A USD";CH0183136008;10.0;474.00;16.00;0.00;-4756.00;USD;-4756.00;439.27;USD
15-10-2025 16:45:08;265328384;Vendita;ZSILUS;"Swisscanto Silver ETF-A USD";CH0183136008;5.0;470.85;14.12;0.00;2340.13;USD;2340.13;5195.27;USD
15-10-2025 16:42:22;265327932;Rettif. costi Borsa;CRWV;"COREWEAVE CL A ORD";US21873S1087;1.0;0.06;0.00;0.00;0.06;USD;0.06;2855.14;USD
15-10-2025 16:42:20;265327932;Vendita;CRWV;"COREWEAVE CL A ORD";US21873S1087;15.0;140.00;28.19;0.00;2071.81;USD;2071.81;2855.08;USD
15-10-2025 16:42:20;265327932;Vendita;CRWV;"COREWEAVE CL A ORD";US21873S1087;5.0;140.00;6.07;0.00;693.93;USD;693.93;783.27;USD
15-10-2025 13:00:58;265300878;Acquisto;ZSILUS;"Swisscanto Silver ETF-A USD";CH0183136008;10.0;470.00;15.96;0.00;-4715.96;USD;-4715.96;89.34;USD
15-10-2025 10:30:10;265266083;Vendita;XRP;"XRP";EX0X00XRP000;1000.0;2.53;25.30;0.00;2504.70;USD;2504.70;4805.30;USD
15-10-2025 10:26:53;265265612;Vendita;ETH;"ETH";EX0X00ETH000;0.5;4160.00;20.80;0.00;2059.20;USD;2059.20;2300.60;USD
14-10-2025 21:55:02;265223359;Acquisto;CRWV;"COREWEAVE CL A ORD";US21873S1087;20.0;134.00;34.02;0.00;-2714.02;USD;-2714.02;241.40;USD
14-10-2025 21:38:07;265221863;Acquisto;XRP;"XRP";EX0X00XRP000;200.0;2.48;4.96;0.00;-500.96;USD;-500.96;2955.42;USD
14-10-2025 18:52:48;265208984;Acquisto;COIN;"COINBASE GLOBAL CL A ORD";US19260Q1076;10.0;350.0363;35.25;0.00;-3535.61;USD;-3535.61;3456.38;USD
14-10-2025 16:10:11;265190301;Acquisto;NVDA;"NVIDIA ORD";US67066G1040;10.0;181.4599;12.72;0.00;-1827.32;USD;-1827.32;6991.99;USD
14-10-2025 16:06:38;265189643;Accredito Forex;;;;1.0;70.00;0.00;0.00;70.00;CHF;70.00;9.36;CHF
14-10-2025 16:06:38;265189643;Addebito Forex;;;;1.0;87.95;0.00;0.00;-87.95;USD;-87.95;8819.31;USD
14-10-2025 15:37:52;265176839;Acquisto;BTC;"BTC";EX0X00XBT000;0.01;110000.00;11.00;0.00;-1111.00;USD;-1111.00;8907.26;USD
14-10-2025 15:37:23;265170772;Acquisto;XRP;"XRP";EX0X00XRP000;400.0;2.40;9.60;0.00;-969.60;USD;-969.60;10018.26;USD
14-10-2025 15:32:45;265076311;Rettif. costi Borsa;INTC;"INTEL ORD";US4581401001;1.0;0.08;0.00;0.00;0.08;USD;0.08;10987.86;USD
14-10-2025 15:30:20;265076311;Vendita;INTC;"INTEL ORD";US4581401001;100.0;35.77;35.45;0.00;3541.55;USD;3541.55;10987.78;USD
14-10-2025 12:00:22;00000000;Servizi Paganti;;;;1.0;-10.00;0.00;0.00;-10.00;USD;-10.00;7446.23;USD
14-10-2025 09:03:54;265111045;Acquisto;ZSIL;"Swisscanto Silver ETF-A CHF";CH0183135976;100.0;118.76;22.05;0.00;-11898.05;CHF;-11898.05;-60.64;CHF
14-10-2025 08:44:20;265108837;Acquisto;ETH;"ETH";EX0X00ETH000;0.25;4000.00;10.00;0.00;-1010.00;USD;-1010.00;7456.23;USD
14-10-2025 05:09:47;265093365;Accredito Forex;;;;1.0;600.00;0.00;0.00;600.00;CHF;600.00;11837.41;CHF
14-10-2025 05:09:47;265093365;Addebito Forex;;;;1.0;753.21;0.00;0.00;-753.21;USD;-753.21;8466.23;USD
13-10-2025 21:09:03;265070391;Acquisto;NVDA;"NVIDIA ORD";US67066G1040;10.0;187.7099;12.82;0.00;-1889.92;USD;-1889.92;9219.44;USD
13-10-2025 21:01:28;265069548;Acquisto;INTC;"INTEL ORD";US4581401001;100.0;37.00;35.55;0.00;-3735.55;USD;-3735.55;11109.36;USD
13-10-2025 20:30:53;265066631;Acquisto;RACE;"FERRARI ORD";NL0011585146;3.0;380.00;6.71;0.00;-1146.71;USD;-1146.71;14844.91;USD
13-10-2025 20:30:53;265066631;Acquisto;RACE;"FERRARI ORD";NL0011585146;2.0;380.00;6.14;0.00;-766.14;USD;-766.14;15991.62;USD
13-10-2025 09:02:53;264892232;Acquisto;ZSIL;"Swisscanto Silver ETF-A CHF";CH0183135976;38.0;117.96;4.00;0.00;-4486.50;CHF;-4486.50;11237.41;CHF
13-10-2025 09:02:53;264892232;Acquisto;ZSIL;"Swisscanto Silver ETF-A CHF";CH0183135976;62.0;117.94;17.95;0.00;-7330.25;CHF;-7330.25;15723.91;CHF
13-10-2025 06:05:15;264872459;Acquisto;XRP;"XRP";EX0X00XRP000;400.0;2.55657;10.23;0.00;-1032.86;USD;-1032.86;16757.76;USD
13-10-2025 05:33:52;264869434;Acquisto;BTC;"BTC";EX0X00XBT000;0.00008696;115000.00;0.10;0.00;-10.10;USD;-10.10;17790.62;USD
13-10-2025 05:33:52;264869434;Acquisto;BTC;"BTC";EX0X00XBT000;0.00991304;115000.00;11.40;0.00;-1151.40;USD;-1151.40;17800.72;USD
13-10-2025 05:31:55;264869347;Acquisto;ETH;"ETH";EX0X00ETH000;0.25;4150.00;10.38;0.00;-1047.88;USD;-1047.88;18952.12;USD
13-10-2025 05:04:59;264863992;Accredito Forex;;;;1.0;20000.00;0.00;0.00;20000.00;USD;20000.00;20000.00;USD
13-10-2025 05:04:59;264863992;Addebito Forex;;;;1.0;16175.62;0.00;0.00;-16175.62;CHF;-16175.62;23054.16;CHF
13-10-2025 04:16:11;00000000;Pagamento;;;;1.0;100.00;0.00;0.00;100.00;CHF;100.00;39229.78;CHF
13-10-2025 01:36:04;00000000;Pagamento;;;;1.0;10000.00;0.00;0.00;10000.00;CHF;10000.00;39129.78;CHF
13-10-2025 01:26:29;00000000;Pagamento;;;;1.0;5000.00;0.00;0.00;5000.00;CHF;5000.00;29129.78;CHF
13-10-2025 01:26:23;00000000;Pagamento;;;;1.0;10000.00;0.00;0.00;10000.00;CHF;10000.00;24129.78;CHF
13-10-2025 01:02:32;00000000;Pagamento;;;;1.0;10000.00;0.00;0.00;10000.00;CHF;10000.00;14129.78;CHF
10-10-2025 21:12:01;264642967;Accredito Forex;;;;1.0;3225.18;0.00;0.00;3225.18;CHF;3225.18;4129.78;CHF
10-10-2025 21:12:01;264642967;Addebito Forex;;;;1.0;4063.43;0.00;0.00;-4063.43;USD;-4063.43;0.00;USD
10-10-2025 21:11:25;264643027;Accredito Forex;;;;1.0;870.04;0.00;0.00;870.04;CHF;870.04;904.60;CHF
10-10-2025 21:11:25;264643027;Addebito Forex;;;;1.0;944.34;0.00;0.00;-944.34;EUR;-944.34;0.00;EUR
10-10-2025 21:01:13;264641297;Vendita;XRP;"XRP";EX0X00XRP000;169.94298519;2.33491;3.97;0.00;392.83;EUR;392.83;944.34;EUR
10-10-2025 20:52:10;264640362;Rettif. costi Borsa;NVDA;"NVIDIA ORD";US67066G1040;1.0;0.05;0.00;0.00;0.05;USD;0.05;4063.43;USD
10-10-2025 20:52:08;264640362;Vendita;NVDA;"NVIDIA ORD";US67066G1040;11.0;187.0001;33.14;0.00;2023.86;USD;2023.86;4063.38;USD
10-10-2025 20:51:44;264640690;Rettif. costi Borsa;AMD;"ADVANCED MICRO DEVICES ORD";US0079031078;1.0;0.05;0.00;0.00;0.05;USD;0.05;2039.52;USD
10-10-2025 20:51:41;264640690;Vendita;AMD;"ADVANCED MICRO DEVICES ORD";US0079031078;6.0;218.96;7.00;0.00;1306.76;USD;1306.76;2039.47;USD
10-10-2025 20:51:41;264640690;Vendita;AMD;"ADVANCED MICRO DEVICES ORD";US0079031078;2.0;218.96;2.67;0.00;435.25;USD;435.25;732.71;USD
10-10-2025 20:51:41;264640690;Vendita;AMD;"ADVANCED MICRO DEVICES ORD";US0079031078;1.0;218.96;3.34;0.00;215.62;USD;215.62;297.46;USD
09-10-2025 19:25:56;264481812;Acquisto;XRP;"XRP";EX0X00XRP000;34.0;2.41913;0.82;0.00;-83.07;EUR;-83.07;551.51;EUR
08-10-2025 21:04:55;264356608;Acquisto;NVDA;"NVIDIA ORD";US67066G1040;6.0;188.4299;11.70;0.00;-1142.28;USD;-1142.28;81.84;USD
08-10-2025 21:03:08;264356260;Acquisto;AMD;"ADVANCED MICRO DEVICES ORD";US0079031078;9.0;230.7296;33.11;0.00;-2109.68;USD;-2109.68;1224.12;USD
08-10-2025 20:59:57;264356148;Rettif. costi Borsa;PLTR;"PALANTIR TECHNOLOGIES CL A ORD";US69608A1088;1.0;0.04;0.00;0.00;0.04;USD;0.04;3333.80;USD
08-10-2025 20:59:56;264356148;Vendita;PLTR;"PALANTIR TECHNOLOGIES CL A ORD";US69608A1088;10.0;182.7504;12.78;0.00;1814.72;USD;1814.72;3333.76;USD
08-10-2025 20:56:15;264355488;Rettif. costi Borsa;RIVN;"RIVIAN AUTOMOTIVE CL A ORD";US76954A1034;1.0;0.03;0.00;0.00;0.03;USD;0.03;1519.04;USD
08-10-2025 20:56:12;264355488;Vendita;RIVN;"RIVIAN AUTOMOTIVE CL A ORD";US76954A1034;100.0;13.0701;11.99;0.00;1295.02;USD;1295.02;1519.01;USD
08-10-2025 03:08:54;264247805;Vendita;ETH;"ETH";EX0X00ETH000;0.0699093;3843.30;2.69;0.00;265.99;EUR;265.99;634.58;EUR
08-10-2025 03:00:30;264247782;Vendita;BTC;"BTC";EX0X00XBT000;0.00331534;104800.00;3.47;0.00;343.98;EUR;343.98;368.59;EUR
07-10-2025 16:17:00;264193152;Acquisto;NVDA;"NVIDIA ORD";US67066G1040;3.0;188.60;2.84;0.00;-568.64;USD;-568.64;223.99;USD
07-10-2025 16:17:00;264193152;Acquisto;NVDA;"NVIDIA ORD";US67066G1040;2.0;188.60;3.57;0.00;-380.77;USD;-380.77;792.63;USD
07-10-2025 10:00:26;264121172;Acquisto;BTC;"BTC";EX0X00XBT000;0.00028338;105865.00;0.30;0.00;-30.30;EUR;-30.30;24.61;EUR
07-10-2025 10:00:24;264121141;Acquisto;ETH;"ETH";EX0X00ETH000;0.00749045;4005.10;0.30;0.00;-30.30;EUR;-30.30;54.91;EUR
07-10-2025 10:00:21;264120479;Acquisto;XRP;"XRP";EX0X00XRP000;11.79078433;2.54436;0.30;0.00;-30.30;EUR;-30.30;85.21;EUR
06-10-2025 22:30:28;264010865;Acquisto;XRP;"XRP";EX0X00XRP000;38.9039966;2.56969;1.00;0.00;-100.97;EUR;-100.97;115.51;EUR
06-10-2025 22:28:37;264009787;Acquisto;ETH;"ETH";EX0X00ETH000;0.06241885;4004.70;2.50;0.00;-252.47;EUR;-252.47;216.48;EUR
06-10-2025 22:27:51;264009185;Acquisto;BTC;"BTC";EX0X00XBT000;0.00187587;106617.00;2.00;0.00;-202.00;EUR;-202.00;468.95;EUR
06-10-2025 11:33:26;263882101;Accredito Forex;;;;1.0;1150.00;0.00;0.00;1150.00;CHF;1150.00;34.56;CHF
06-10-2025 11:33:26;263882101;Addebito Forex;;;;1.0;1453.64;0.00;0.00;-1453.64;USD;-1453.64;1173.40;USD
06-10-2025 09:20:26;263831467;Acquisto;ZGLD;"Swisscanto GOLD ETF";CH0139101593;12.0;931.2833;18.25;0.00;-11193.65;CHF;-11193.65;-1115.44;CHF
06-10-2025 06:48:49;263801845;Accredito Forex;;;;1.0;100.00;0.00;0.00;100.00;EUR;100.00;670.95;EUR
06-10-2025 06:48:49;263801845;Addebito Forex;;;;1.0;94.19;0.00;0.00;-94.19;CHF;-94.19;10078.21;CHF
06-10-2025 04:12:02;00000000;Pagamento;;;;1.0;100.00;0.00;0.00;100.00;CHF;100.00;10172.40;CHF
06-10-2025 01:11:18;00000000;Pagamento;;;;1.0;10000.00;0.00;0.00;10000.00;CHF;10000.00;10072.40;CHF
04-10-2025 06:24:33;263559720;Vendita;BTC;"BTC";EX0X00XBT000;0.00115;104176.00;1.20;0.00;118.60;EUR;118.60;570.95;EUR
03-10-2025 21:28:45;263525551;Acquisto;RIVN;"RIVIAN AUTOMOTIVE CL A ORD";US76954A1034;25.0;13.6099;3.51;0.00;-343.76;USD;-343.76;2627.04;USD
03-10-2025 21:06:52;263524069;Acquisto;PLTR;"PALANTIR TECHNOLOGIES CL A ORD";US69608A1088;7.0;174.50;6.83;0.00;-1228.33;USD;-1228.33;2970.80;USD
03-10-2025 21:06:52;263524069;Acquisto;PLTR;"PALANTIR TECHNOLOGIES CL A ORD";US69608A1088;3.0;174.50;5.79;0.00;-529.29;USD;-529.29;4199.13;USD
03-10-2025 20:35:38;263521735;Acquisto;RIVN;"RIVIAN AUTOMOTIVE CL A ORD";US76954A1034;56.0;13.30;3.12;0.00;-747.92;USD;-747.92;4728.42;USD
03-10-2025 20:35:37;263521735;Acquisto;RIVN;"RIVIAN AUTOMOTIVE CL A ORD";US76954A1034;19.0;13.30;3.38;0.00;-256.08;USD;-256.08;5476.34;USD
03-10-2025 19:54:08;263518827;Rettif. costi Borsa;AMZN;"AMAZON COM ORD";US0231351067;1.0;0.02;0.00;0.00;0.02;USD;0.02;5732.42;USD
03-10-2025 19:54:07;263518827;Vendita;AMZN;"AMAZON COM ORD";US0231351067;4.0;219.9302;6.34;0.00;873.38;USD;873.38;5732.40;USD
03-10-2025 19:53:43;263518809;Rettif. costi Borsa;META;"META PLATFORMS CL A ORD";US30303M1027;1.0;0.03;0.00;0.00;0.03;USD;0.03;4859.02;USD
03-10-2025 19:53:41;263518809;Vendita;META;"META PLATFORMS CL A ORD";US30303M1027;2.0;712.5416;12.17;0.00;1412.91;USD;1412.91;4858.99;USD
03-10-2025 19:52:03;263518469;Rettif. costi Borsa;ARM;"ARM HOLDINGS ADR";US0420682058;1.0;0.02;0.00;0.00;0.02;USD;0.02;3446.08;USD
03-10-2025 19:52:01;263518469;Vendita;ARM;"ARM HOLDINGS ADR";US0420682058;3.0;151.30;2.69;0.00;451.21;USD;451.21;3446.06;USD
03-10-2025 19:52:01;263518469;Vendita;ARM;"ARM HOLDINGS ADR";US0420682058;2.0;151.30;3.46;0.00;299.14;USD;299.14;2994.85;USD
03-10-2025 16:49:16;263497841;Rettif. costi Borsa;AMD;"ADVANCED MICRO DEVICES ORD";US0079031078;1.0;0.02;0.00;0.00;0.02;USD;0.02;2695.71;USD
03-10-2025 16:49:14;263497841;Vendita;AMD;"ADVANCED MICRO DEVICES ORD";US0079031078;5.0;167.4205;6.28;0.00;830.82;USD;830.82;2695.69;USD
02-10-2025 17:19:36;262974232;Acquisto;ZGLD;"Swisscanto GOLD ETF";CH0139101593;2.0;909.70;13.20;0.00;-1832.60;CHF;-1832.60;72.40;CHF
02-10-2025 17:19:10;262974211;Accredito Forex;;;;1.0;1900.00;0.00;0.00;1900.00;CHF;1900.00;1905.00;CHF
02-10-2025 17:19:10;262974211;Addebito Forex;;;;1.0;2399.87;0.00;0.00;-2399.87;USD;-2399.87;1864.87;USD
02-10-2025 15:51:07;262953121;Accredito Forex;;;;1.0;5.00;0.00;0.00;5.00;CHF;5.00;5.00;CHF
02-10-2025 15:51:07;262953121;Addebito Forex;;;;1.0;6.33;0.00;0.00;-6.33;USD;-6.33;4264.74;USD
02-10-2025 15:32:47;262887324;Rettif. costi Borsa;AMD;"ADVANCED MICRO DEVICES ORD";US0079031078;1.0;0.02;0.00;0.00;0.02;USD;0.02;4271.07;USD
02-10-2025 15:30:15;262887324;Vendita;AMD;"ADVANCED MICRO DEVICES ORD";US0079031078;5.0;168.63;6.28;0.00;836.87;USD;836.87;4271.05;USD
02-10-2025 12:45:33;00000000;Dividendo;NVDA;"NVIDIA ORD";US67066G1040;1.0;0.26;0.08;0.00;0.18;USD;0.18;3434.18;USD
02-10-2025 02:09:39;262786629;Vendita;ETH;"ETH";EX0X00ETH000;0.12190244;3732.00;4.55;0.00;450.39;EUR;450.39;452.35;EUR
02-10-2025 02:08:17;262785889;Vendita;ETH;"ETH";EX0X00ETH000;0.24;4375.00;10.50;0.00;1039.50;USD;1039.50;3434.00;USD
01-10-2025 21:09:53;262760603;Rettif. costi Borsa;ARM;"ARM HOLDINGS ADR";US0420682058;1.0;0.02;0.00;0.00;0.02;USD;0.02;2394.50;USD
01-10-2025 21:09:52;262760603;Vendita;ARM;"ARM HOLDINGS ADR";US0420682058;3.0;150.57;2.69;0.00;449.02;USD;449.02;2394.48;USD
01-10-2025 21:09:52;262760603;Vendita;ARM;"ARM HOLDINGS ADR";US0420682058;2.0;150.57;3.46;0.00;297.68;USD;297.68;1945.46;USD
01-10-2025 17:29:13;262740666;Acquisto;META;"META PLATFORMS CL A ORD";US30303M1027;2.0;715.1888;12.15;0.00;-1442.53;USD;-1442.53;1647.78;USD
01-10-2025 15:34:57;262472482;Rettif. costi Borsa;AMD;"ADVANCED MICRO DEVICES ORD";US0079031078;1.0;0.04;0.00;0.00;0.04;USD;0.04;3090.31;USD
01-10-2025 15:34:13;262472501;Rettif. costi Borsa;ARM;"ARM HOLDINGS ADR";US0420682058;1.0;0.03;0.00;0.00;0.03;USD;0.03;3090.27;USD
01-10-2025 15:33:45;262472482;Vendita;AMD;"ADVANCED MICRO DEVICES ORD";US0079031078;10.0;162.00;12.47;0.00;1607.53;USD;1607.53;3090.24;USD
01-10-2025 15:30:59;262472501;Vendita;ARM;"ARM HOLDINGS ADR";US0420682058;10.0;146.00;12.22;0.00;1447.78;USD;1447.78;1482.71;USD
30-09-2025 22:52:15;262498106;Accredito Fx Comp.;;;;1.0;14.47;0.00;0.00;14.47;CHF;14.47;0.00;CHF
30-09-2025 22:52:15;262498106;Addebito Fx Comp.;;;;1.0;18.34;0.00;0.00;-18.34;USD;-18.34;34.93;USD
30-09-2025 11:54:02;00000000;Diritti di Custodia;;;;1.0;20.00;1.62;0.00;-21.62;CHF;-21.62;-14.47;CHF
30-09-2025 10:00:27;262355636;Acquisto;BTC;"BTC";EX0X00XBT000;0.00020646;96872.00;0.20;0.00;-20.20;EUR;-20.20;1.96;EUR
30-09-2025 10:00:19;262355493;Acquisto;XRP;"XRP";EX0X00XRP000;8.16666531;2.44898;0.20;0.00;-20.20;EUR;-20.20;22.16;EUR
30-09-2025 10:00:18;262355473;Acquisto;ETH;"ETH";EX0X00ETH000;0.00561325;3563.00;0.20;0.00;-20.20;EUR;-20.20;42.36;EUR
29-09-2025 10:04:14;262059279;Acquisto;ETH;"ETH";EX0X00ETH000;0.0113798;3513.40;0.40;0.00;-40.38;EUR;-40.38;62.56;EUR
29-09-2025 09:54:16;262057285;Accredito Forex;;;;1.0;10.00;0.00;0.00;10.00;CHF;10.00;7.15;CHF
29-09-2025 09:54:16;262057285;Addebito Forex;;;;1.0;12.69;0.00;0.00;-12.69;USD;-12.69;53.27;USD
29-09-2025 09:53:39;262056838;Acquisto;ZGLD;"Swisscanto GOLD ETF";CH0139101593;16.0;899.30;24.30;0.00;-14413.10;CHF;-14413.10;-2.85;CHF
29-09-2025 06:40:05;261958160;Accredito Forex;;;;1.0;13778.15;0.00;0.00;13778.15;CHF;13778.15;14410.25;CHF
29-09-2025 06:40:05;261958160;Addebito Forex;;;;1.0;14900.00;0.00;0.00;-14900.00;EUR;-14900.00;102.94;EUR
29-09-2025 05:21:40;00000000;Pagamento;;;;1.0;100.00;0.00;0.00;100.00;CHF;100.00;632.10;CHF
29-09-2025 01:31:12;00000000;Pagamento;;;;1.0;500.00;0.00;0.00;500.00;CHF;500.00;532.10;CHF
28-09-2025 20:58:29;00000000;Versamento;;;;1.0;15000.00;0.00;0.00;15000.00;EUR;15000.00;15002.94;EUR
24-09-2025 20:42:19;261192959;Acquisto;ETH;"ETH";EX0X00ETH000;0.23930887;4177.40;10.00;0.00;-1009.69;USD;-1009.69;65.96;USD
24-09-2025 17:00:11;261176609;Acquisto;AMZN;"AMAZON COM ORD";US0231351067;3.0;221.00;3.00;0.00;-666.00;USD;-666.00;1075.65;USD
24-09-2025 17:00:11;261176609;Acquisto;AMZN;"AMAZON COM ORD";US0231351067;1.0;221.00;3.33;0.00;-224.33;USD;-224.33;1741.65;USD
24-09-2025 10:45:59;261113787;Acquisto;ZGLD;"Swisscanto GOLD ETF";CH0139101593;1.0;889.40;8.50;0.00;-897.90;CHF;-897.90;32.10;CHF
24-09-2025 10:45:11;261113665;Accredito Forex;;;;1.0;900.00;0.00;0.00;900.00;CHF;900.00;930.00;CHF
24-09-2025 10:45:11;261113665;Addebito Forex;;;;1.0;1143.99;0.00;0.00;-1143.99;USD;-1143.99;1965.98;USD
23-09-2025 20:23:22;261004183;Acquisto;ARM;"ARM HOLDINGS ADR";US0420682058;3.0;140.9976;3.63;0.00;-426.62;USD;-426.62;3109.97;USD
23-09-2025 17:05:57;260965174;Acquisto;ARM;"ARM HOLDINGS ADR";US0420682058;3.0;142.74;2.64;0.00;-430.86;USD;-430.86;3536.59;USD
23-09-2025 17:05:57;260965174;Acquisto;ARM;"ARM HOLDINGS ADR";US0420682058;2.0;142.74;3.43;0.00;-288.91;USD;-288.91;3967.45;USD
23-09-2025 10:00:21;260909309;Acquisto;BTC;"BTC";EX0X00XBT000;0.0002083;96018.00;0.20;0.00;-20.20;EUR;-20.20;2.94;EUR
23-09-2025 10:00:19;260909248;Acquisto;ETH;"ETH";EX0X00ETH000;0.00560052;3571.10;0.20;0.00;-20.20;EUR;-20.20;23.14;EUR
23-09-2025 10:00:17;260908843;Acquisto;XRP;"XRP";EX0X00XRP000;8.22314322;2.43216;0.20;0.00;-20.20;EUR;-20.20;43.34;EUR
23-09-2025 05:37:22;260834224;Acquisto;ETH;"ETH";EX0X00ETH000;0.1;3554.60;3.55;0.00;-359.01;EUR;-359.01;63.54;EUR
23-09-2025 05:35:24;260833492;Vendita;ETH;"ETH";EX0X00ETH000;0.1;3554.10;3.55;0.00;351.86;EUR;351.86;422.55;EUR
23-09-2025 05:28:32;260831567;Acquisto;ETH;"ETH";EX0X00ETH000;0.1;4182.50;4.18;0.00;-422.43;USD;-422.43;4256.36;USD
23-09-2025 05:10:35;260826353;Vendita;ETH;"ETH";EX0X00ETH000;0.0631397;4130.50;2.61;0.00;258.19;USD;258.19;4678.79;USD
22-09-2025 18:56:18;260546371;Rettif. costi Borsa;NVDA;"NVIDIA ORD";US67066G1040;1.0;0.04;0.00;0.00;0.04;USD;0.04;4420.60;USD
22-09-2025 18:56:16;260546371;Vendita;NVDA;"NVIDIA ORD";US67066G1040;7.0;184.50;6.97;0.00;1284.53;USD;1284.53;4420.56;USD
22-09-2025 18:56:16;260546371;Vendita;NVDA;"NVIDIA ORD";US67066G1040;3.0;184.50;5.84;0.00;547.66;USD;547.66;3136.03;USD
22-09-2025 18:09:11;260742300;Rettif. costi Borsa;NVDA;"NVIDIA ORD";US67066G1040;1.0;0.04;0.00;0.00;0.04;USD;0.04;2588.37;USD
22-09-2025 18:09:08;260742300;Vendita;NVDA;"NVIDIA ORD";US67066G1040;7.0;178.50;6.91;0.00;1242.59;USD;1242.59;2588.33;USD
22-09-2025 18:09:08;260742300;Vendita;NVDA;"NVIDIA ORD";US67066G1040;3.0;178.50;5.81;0.00;529.69;USD;529.69;1345.74;USD
22-09-2025 15:58:24;260755407;Acquisto;ZGLD;"Swisscanto GOLD ETF";CH0139101593;1.0;877.10;8.50;0.00;-885.60;CHF;-885.60;30.00;CHF
22-09-2025 15:57:17;260754796;Accredito Forex;;;;1.0;900.00;0.00;0.00;900.00;CHF;900.00;915.60;CHF
22-09-2025 15:57:17;260754796;Addebito Forex;;;;1.0;1144.63;0.00;0.00;-1144.63;USD;-1144.63;816.05;USD
22-09-2025 15:55:59;260753595;Rettif. costi Borsa;AMD;"ADVANCED MICRO DEVICES ORD";US0079031078;1.0;0.02;0.00;0.00;0.02;USD;0.02;1960.68;USD
22-09-2025 15:55:56;260753595;Vendita;AMD;"ADVANCED MICRO DEVICES ORD";US0079031078;4.0;161.00;2.98;0.00;641.02;USD;641.02;1960.66;USD
22-09-2025 15:55:56;260753595;Vendita;AMD;"ADVANCED MICRO DEVICES ORD";US0079031078;2.0;161.00;3.49;0.00;318.51;USD;318.51;1319.64;USD
22-09-2025 15:36:41;260743471;Rettif. costi Borsa;AMD;"ADVANCED MICRO DEVICES ORD";US0079031078;1.0;0.02;0.00;0.00;0.02;USD;0.02;1001.13;USD
22-09-2025 15:32:23;260743471;Vendita;AMD;"ADVANCED MICRO DEVICES ORD";US0079031078;4.0;160.00;2.97;0.00;637.03;USD;637.03;1001.11;USD
22-09-2025 15:32:22;260743471;Vendita;AMD;"ADVANCED MICRO DEVICES ORD";US0079031078;2.0;160.00;3.49;0.00;316.51;USD;316.51;364.08;USD
22-09-2025 12:58:55;260720614;Acquisto;XRP;"XRP";EX0X00XRP000;16.69902101;2.39479;0.40;0.00;-40.39;EUR;-40.39;70.69;EUR
22-09-2025 12:55:11;260718683;Acquisto;ETH;"ETH";EX0X00ETH000;0.02389486;4185.00;1.00;0.00;-101.00;USD;-101.00;47.57;USD
22-09-2025 12:51:29;260717812;Acquisto;ETH;"ETH";EX0X00ETH000;0.00242836;4179.90;0.10;0.00;-10.25;USD;-10.25;148.57;USD
22-09-2025 11:34:59;260690561;Accredito Forex;;;;1.0;102.00;0.00;0.00;102.00;EUR;102.00;111.08;EUR
22-09-2025 11:34:59;260690561;Addebito Forex;;;;1.0;96.27;0.00;0.00;-96.27;CHF;-96.27;15.60;CHF
22-09-2025 04:31:35;00000000;Pagamento;;;;1.0;100.00;0.00;0.00;100.00;CHF;100.00;111.87;CHF
19-09-2025 15:41:35;260312215;Acquisto;ARM;"ARM HOLDINGS ADR";US0420682058;12.0;144.2772;12.60;0.00;-1743.93;USD;-1743.93;158.82;USD
19-09-2025 15:30:18;260307740;Rettif. costi Borsa;NVDA;"NVIDIA ORD";US67066G1040;1.0;0.04;0.00;0.00;0.04;USD;0.04;1902.75;USD
19-09-2025 15:30:03;260307740;Vendita;NVDA;"NVIDIA ORD";US67066G1040;10.0;176.14;12.68;0.00;1748.72;USD;1748.72;1902.71;USD
18-09-2025 15:35:57;259881538;Rettif. costi Borsa;PLTR;"PALANTIR TECHNOLOGIES CL A ORD";US69608A1088;1.0;0.02;0.00;0.00;0.02;USD;0.02;153.99;USD
18-09-2025 15:35:50;260034588;Acquisto;AMD;"ADVANCED MICRO DEVICES ORD";US0079031078;6.0;151.8595;6.37;0.00;-917.53;USD;-917.53;153.97;USD
18-09-2025 15:32:36;259881538;Vendita;PLTR;"PALANTIR TECHNOLOGIES CL A ORD";US69608A1088;5.0;172.72;6.32;0.00;857.28;USD;857.28;1071.50;USD
17-09-2025 21:02:11;259880659;Acquisto;NVDA;"NVIDIA ORD";US67066G1040;30.0;170.2799;37.66;0.00;-5146.06;USD;-5146.06;214.22;USD
17-09-2025 20:53:08;259875184;Rettif. costi Borsa;NVDA;"NVIDIA ORD";US67066G1040;1.0;0.12;0.00;0.00;0.12;USD;0.12;5360.28;USD
17-09-2025 20:53:06;259875184;Vendita;NVDA;"NVIDIA ORD";US67066G1040;31.0;168.49;37.95;0.00;5185.24;USD;5185.24;5360.16;USD
17-09-2025 19:00:29;259867127;Acquisto;PLTR;"PALANTIR TECHNOLOGIES CL A ORD";US69608A1088;3.0;164.50;2.74;0.00;-496.24;USD;-496.24;174.92;USD
17-09-2025 19:00:29;259867127;Acquisto;PLTR;"PALANTIR TECHNOLOGIES CL A ORD";US69608A1088;2.0;164.50;3.49;0.00;-332.49;USD;-332.49;671.16;USD
17-09-2025 19:00:29;259867148;Acquisto;NVDA;"NVIDIA ORD";US67066G1040;5.0;169.8899;6.27;0.00;-855.72;USD;-855.72;1003.65;USD
16-09-2025 17:51:09;259658441;Acquisto;ETH;"ETH";EX0X00ETH000;0.03159386;3758.90;1.19;0.00;-119.95;EUR;-119.95;9.08;EUR
16-09-2025 10:00:25;259550081;Acquisto;BTC;"BTC";EX0X00XBT000;0.00020349;98286.00;0.20;0.00;-20.20;EUR;-20.20;129.03;EUR
16-09-2025 10:00:21;259549646;Acquisto;ETH;"ETH";EX0X00ETH000;0.00522262;3829.50;0.20;0.00;-20.20;EUR;-20.20;149.23;EUR
16-09-2025 10:00:19;259549619;Acquisto;XRP;"XRP";EX0X00XRP000;7.83478016;2.55272;0.20;0.00;-20.20;EUR;-20.20;169.43;EUR
15-09-2025 09:18:47;259358709;Accredito Forex;;;;1.0;100.00;0.00;0.00;100.00;EUR;100.00;189.63;EUR
15-09-2025 09:18:47;259358709;Addebito Forex;;;;1.0;94.37;0.00;0.00;-94.37;CHF;-94.37;11.87;CHF
15-09-2025 07:21:19;00000000;Pagamento;;;;1.0;100.00;0.00;0.00;100.00;CHF;100.00;106.24;CHF
14-09-2025 22:14:16;259293201;Vendita;ETH;"ETH";EX0X00ETH000;0.01608242;3930.60;0.63;0.00;62.58;EUR;62.58;89.63;EUR
14-09-2025 12:00:20;00000000;Servizi Paganti;;;;1.0;-10.00;0.00;0.00;-10.00;USD;-10.00;1859.37;USD
12-09-2025 20:01:56;259067415;Acquisto;AMD;"ADVANCED MICRO DEVICES ORD";US0079031078;4.0;159.00;2.95;0.00;-638.95;USD;-638.95;1869.37;USD
12-09-2025 20:01:56;259067415;Acquisto;AMD;"ADVANCED MICRO DEVICES ORD";US0079031078;2.0;159.00;3.48;0.00;-321.48;USD;-321.48;2508.32;USD
12-09-2025 20:00:19;259067349;Rettif. costi Borsa;CRWV;"COREWEAVE CL A ORD";US21873S1087;1.0;0.02;0.00;0.00;0.02;USD;0.02;2829.80;USD
12-09-2025 20:00:17;259067349;Vendita;CRWV;"COREWEAVE CL A ORD";US21873S1087;8.0;108.0007;6.32;0.00;857.69;USD;857.69;2829.78;USD
12-09-2025 15:32:22;258886160;Acquisto;AMD;"ADVANCED MICRO DEVICES ORD";US0079031078;6.0;156.47;6.41;0.00;-945.23;USD;-945.23;1972.09;USD
10-09-2025 15:39:10;257700018;Rettif. costi Borsa;ARM;"ARM HOLDINGS ADR";US0420682058;1.0;0.02;0.00;0.00;0.02;USD;0.02;2917.32;USD
10-09-2025 15:39:10;257700018;Vendita;ARM;"ARM HOLDINGS ADR";US0420682058;4.0;147.00;2.89;0.00;585.11;USD;585.11;2917.30;USD
10-09-2025 15:39:10;257700018;Vendita;ARM;"ARM HOLDINGS ADR";US0420682058;2.0;147.00;3.45;0.00;290.55;USD;290.55;2332.19;USD
10-09-2025 15:35:18;258240828;Rettif. costi Borsa;CRWV;"COREWEAVE CL A ORD";US21873S1087;1.0;0.02;0.00;0.00;0.02;USD;0.02;2041.64;USD
10-09-2025 15:32:42;258240828;Vendita;CRWV;"COREWEAVE CL A ORD";US21873S1087;6.0;115.50;3.05;0.00;689.95;USD;689.95;2041.62;USD
10-09-2025 15:32:42;258240828;Vendita;CRWV;"COREWEAVE CL A ORD";US21873S1087;2.0;115.50;3.36;0.00;227.64;USD;227.64;1351.67;USD
10-09-2025 15:32:21;258233424;Rettif. costi Borsa;CRWV;"COREWEAVE CL A ORD";US21873S1087;1.0;0.02;0.00;0.00;0.02;USD;0.02;1124.03;USD
10-09-2025 15:30:16;258233424;Vendita;CRWV;"COREWEAVE CL A ORD";US21873S1087;9.0;110.9406;6.52;0.00;991.95;USD;991.95;1124.01;USD
09-09-2025 15:49:16;257929018;Acquisto;AMD;"ADVANCED MICRO DEVICES ORD";US0079031078;3.0;152.50;2.68;0.00;-460.18;USD;-460.18;132.06;USD
09-09-2025 15:49:16;257929018;Acquisto;AMD;"ADVANCED MICRO DEVICES ORD";US0079031078;2.0;152.50;3.46;0.00;-308.46;USD;-308.46;592.24;USD
09-09-2025 15:35:37;257926860;Rettif. costi Borsa;CRWV;"COREWEAVE CL A ORD";US21873S1087;1.0;0.02;0.00;0.00;0.02;USD;0.02;900.70;USD
09-09-2025 15:34:15;257926860;Vendita;CRWV;"COREWEAVE CL A ORD";US21873S1087;6.0;100.70;2.92;0.00;601.28;USD;601.28;900.68;USD
09-09-2025 15:34:15;257926860;Vendita;CRWV;"COREWEAVE CL A ORD";US21873S1087;3.0;100.70;3.46;0.00;298.64;USD;298.64;299.40;USD
09-09-2025 10:00:23;257877968;Acquisto;BTC;"BTC";EX0X00XBT000;0.00020783;96235.00;0.20;0.00;-20.20;EUR;-20.20;27.05;EUR
09-09-2025 10:00:22;257877949;Acquisto;ETH;"ETH";EX0X00ETH000;0.01076369;3716.20;0.40;0.00;-40.40;EUR;-40.40;47.25;EUR
09-09-2025 10:00:21;257877909;Acquisto;XRP;"XRP";EX0X00XRP000;7.78161671;2.57016;0.20;0.00;-20.20;EUR;-20.20;87.65;EUR
08-09-2025 16:07:44;257630114;Accredito Forex;;;;1.0;1.00;0.00;0.00;1.00;USD;1.00;0.76;USD
08-09-2025 16:07:44;257630114;Addebito Forex;;;;1.0;0.80;0.00;0.00;-0.80;CHF;-0.80;6.24;CHF
08-09-2025 15:35:05;257590934;Acquisto;NVDA;"NVIDIA ORD";US67066G1040;4.0;169.14;8.01;0.00;-684.57;USD;-684.57;-0.24;USD
08-09-2025 15:35:05;257590934;Acquisto;NVDA;"NVIDIA ORD";US67066G1040;2.0;169.14;3.51;0.00;-341.79;USD;-341.79;684.33;USD
08-09-2025 15:34:31;257521298;Rettif. costi Borsa;TSM;"TAIWAN SEMICONDUCTOR MNFTG ADR 5 ORD";US8740391003;1.0;0.02;0.00;0.00;0.02;USD;0.02;1026.12;USD
08-09-2025 15:32:43;257521298;Vendita;TSM;"TAIWAN SEMICONDUCTOR MNFTG ADR 5 ORD";US8740391003;3.0;243.00;3.11;0.00;725.89;USD;725.89;1026.10;USD
08-09-2025 15:32:43;257521298;Vendita;TSM;"TAIWAN SEMICONDUCTOR MNFTG ADR 5 ORD";US8740391003;1.0;243.00;3.37;0.00;239.63;USD;239.63;300.21;USD
08-09-2025 07:09:39;257446214;Accredito Forex;;;;1.0;100.00;0.00;0.00;100.00;EUR;100.00;107.85;EUR
08-09-2025 07:09:39;257446214;Addebito Forex;;;;1.0;94.31;0.00;0.00;-94.31;CHF;-94.31;7.04;CHF
08-09-2025 04:30:41;00000000;Pagamento;;;;1.0;100.00;0.00;0.00;100.00;CHF;100.00;101.35;CHF
02-09-2025 19:06:59;256301965;Acquisto;CRWV;"COREWEAVE CL A ORD";US21873S1087;15.0;91.7793;12.07;0.00;-1388.76;USD;-1388.76;60.58;USD
02-09-2025 17:02:32;256290685;Acquisto;NVDA;"NVIDIA ORD";US67066G1040;11.0;169.415;12.80;0.00;-1876.37;USD;-1876.37;1449.34;USD
02-09-2025 16:52:50;256289630;Rettif. costi Borsa;PLTR;"PALANTIR TECHNOLOGIES CL A ORD";US69608A1088;1.0;0.08;0.00;0.00;0.08;USD;0.08;3325.71;USD
02-09-2025 16:52:47;256289630;Vendita;PLTR;"PALANTIR TECHNOLOGIES CL A ORD";US69608A1088;15.0;156.72;28.59;0.00;2322.21;USD;2322.21;3325.63;USD
02-09-2025 16:52:47;256289630;Vendita;PLTR;"PALANTIR TECHNOLOGIES CL A ORD";US69608A1088;6.0;156.72;6.43;0.00;933.89;USD;933.89;1003.42;USD
02-09-2025 10:00:25;256162617;Acquisto;BTC;"BTC";EX0X00XBT000;0.0001584;94701.00;0.15;0.00;-15.15;EUR;-15.15;7.85;EUR
02-09-2025 10:00:25;256162394;Acquisto;BTC;"BTC";EX0X00XBT000;0.00015841;94694.00;0.15;0.00;-15.15;EUR;-15.15;23.00;EUR
02-09-2025 10:00:18;256162527;Acquisto;ETH;"ETH";EX0X00ETH000;0.00531873;3760.30;0.20;0.00;-20.20;EUR;-20.20;38.15;EUR
01-09-2025 09:12:46;255797704;Accredito Forex;;;;1.0;52.85;0.00;0.00;52.85;EUR;52.85;58.35;EUR
01-09-2025 09:12:46;255797704;Addebito Forex;;;;1.0;50.00;0.00;0.00;-50.00;CHF;-50.00;1.35;CHF
01-09-2025 05:26:37;00000000;Pagamento;;;;1.0;50.00;0.00;0.00;50.00;CHF;50.00;51.35;CHF
29-08-2025 17:39:16;255484949;Acquisto;CRWV;"COREWEAVE CL A ORD";US21873S1087;19.0;99.1995;12.83;0.00;-1897.62;USD;-1897.62;69.53;USD
29-08-2025 17:38:06;255481796;Rettif. costi Borsa;TSLA;"TESLA ORD";US88160R1014;1.0;0.04;0.00;0.00;0.04;USD;0.04;1967.15;USD
29-08-2025 17:38:05;255481796;Vendita;TSLA;"TESLA ORD";US88160R1014;5.0;336.62;12.56;0.00;1670.54;USD;1670.54;1967.11;USD
29-08-2025 15:35:40;255332525;Acquisto;ARM;"ARM HOLDINGS ADR";US0420682058;4.0;140.00;2.84;0.00;-562.84;USD;-562.84;296.57;USD
29-08-2025 15:35:39;255332525;Acquisto;ARM;"ARM HOLDINGS ADR";US0420682058;2.0;140.00;3.42;0.00;-283.42;USD;-283.42;859.41;USD
29-08-2025 15:31:05;255332477;Acquisto;TSM;"TAIWAN SEMICONDUCTOR MNFTG ADR 5 ORD";US8740391003;4.0;234.00;6.40;0.00;-942.40;USD;-942.40;1142.83;USD
28-08-2025 18:39:48;255151862;Acquisto;TSLA;"TESLA ORD";US88160R1014;5.0;343.3397;12.58;0.00;-1729.28;USD;-1729.28;2085.23;USD
28-08-2025 15:49:23;254884618;Rettif. costi Borsa;CRWV;"COREWEAVE CL A ORD";US21873S1087;1.0;0.04;0.00;0.00;0.04;USD;0.04;3814.51;USD
28-08-2025 15:49:21;254884618;Vendita;CRWV;"COREWEAVE CL A ORD";US21873S1087;13.0;105.00;7.08;0.00;1357.92;USD;1357.92;3814.47;USD
28-08-2025 15:49:21;254884618;Vendita;CRWV;"COREWEAVE CL A ORD";US21873S1087;5.0;105.00;5.80;0.00;519.20;USD;519.20;2456.55;USD
27-08-2025 21:44:54;254894959;Rettif. costi Borsa;CRWV;"COREWEAVE CL A ORD";US21873S1087;1.0;0.04;0.00;0.00;0.04;USD;0.04;1937.35;USD
27-08-2025 21:44:51;254894959;Vendita;CRWV;"COREWEAVE CL A ORD";US21873S1087;14.0;97.00;9.06;0.00;1348.94;USD;1348.94;1937.31;USD
27-08-2025 21:44:51;254894959;Vendita;CRWV;"COREWEAVE CL A ORD";US21873S1087;5.0;97.00;3.74;0.00;481.26;USD;481.26;588.37;USD
22-08-2025 21:54:16;253912323;Acquisto;CRWV;"COREWEAVE CL A ORD";US21873S1087;10.0;93.8494;6.41;0.00;-944.90;USD;-944.90;107.11;USD
22-08-2025 21:53:56;253912308;Acquisto;PLTR;"PALANTIR TECHNOLOGIES CL A ORD";US69608A1088;6.0;158.5598;6.43;0.00;-957.79;USD;-957.79;1052.01;USD
22-08-2025 21:49:48;253911136;Rettif. costi Borsa;AAPL;"APPLE ORD";US0378331005;1.0;0.04;0.00;0.00;0.04;USD;0.04;2009.80;USD
22-08-2025 21:49:45;253911136;Vendita;AAPL;"APPLE ORD";US0378331005;8.0;228.0302;12.78;0.00;1811.46;USD;1811.46;2009.76;USD
21-08-2025 17:12:01;253688720;Acquisto;NVDA;"NVIDIA ORD";US67066G1040;3.0;175.00;2.79;0.00;-527.79;USD;-527.79;198.30;USD
21-08-2025 17:12:01;253688720;Acquisto;NVDA;"NVIDIA ORD";US67066G1040;1.0;175.00;3.26;0.00;-178.26;USD;-178.26;726.09;USD
19-08-2025 20:49:37;253324530;Accredito Forex;;;;1.0;98.02;0.00;0.00;98.02;USD;98.02;904.35;USD
19-08-2025 20:49:37;253324530;Addebito Forex;;;;1.0;85.00;0.00;0.00;-85.00;EUR;-85.00;5.50;EUR
19-08-2025 20:49:14;253324164;Accredito Forex;;;;1.0;12.26;0.00;0.00;12.26;USD;12.26;806.33;USD
19-08-2025 20:49:14;253324164;Addebito Forex;;;;1.0;10.00;0.00;0.00;-10.00;CHF;-10.00;1.35;CHF
19-08-2025 15:33:49;253259761;Acquisto;PLTR;"PALANTIR TECHNOLOGIES CL A ORD";US69608A1088;3.0;168.00;2.76;0.00;-506.76;USD;-506.76;794.07;USD
19-08-2025 15:33:49;253259761;Acquisto;PLTR;"PALANTIR TECHNOLOGIES CL A ORD";US69608A1088;2.0;168.00;3.50;0.00;-339.50;USD;-339.50;1300.83;USD
19-08-2025 15:31:35;253245307;Acquisto;AMD;"ADVANCED MICRO DEVICES ORD";US0079031078;3.0;171.00;2.77;0.00;-515.77;USD;-515.77;1640.33;USD
19-08-2025 15:31:35;253245307;Acquisto;AMD;"ADVANCED MICRO DEVICES ORD";US0079031078;1.0;171.00;3.26;0.00;-174.26;USD;-174.26;2156.10;USD
18-08-2025 21:57:21;253101360;Acquisto;AAPL;"APPLE ORD";US0378331005;4.0;231.255;6.39;0.00;-931.41;USD;-931.41;2330.36;USD
18-08-2025 21:51:17;253100027;Acquisto;CRWV;"COREWEAVE CL A ORD";US21873S1087;9.0;97.00;6.31;0.00;-879.31;USD;-879.31;3261.77;USD
18-08-2025 19:09:36;253082865;Acquisto;PLTR;"PALANTIR TECHNOLOGIES CL A ORD";US69608A1088;1.0;172.00;0.26;0.00;-172.26;USD;-172.26;4141.08;USD
18-08-2025 19:09:36;253082865;Acquisto;PLTR;"PALANTIR TECHNOLOGIES CL A ORD";US69608A1088;1.0;172.00;3.26;0.00;-175.26;USD;-175.26;4313.34;USD
18-08-2025 16:16:21;253049494;Acquisto;CRWV;"COREWEAVE CL A ORD";US21873S1087;6.0;99.02;2.89;0.00;-597.01;USD;-597.01;4488.60;USD
18-08-2025 16:16:21;253049494;Acquisto;CRWV;"COREWEAVE CL A ORD";US21873S1087;3.0;99.02;3.45;0.00;-300.51;USD;-300.51;5085.61;USD
18-08-2025 16:05:20;253049534;Acquisto;PLTR;"PALANTIR TECHNOLOGIES CL A ORD";US69608A1088;3.0;172.55;2.78;0.00;-520.43;USD;-520.43;5386.12;USD
18-08-2025 16:05:20;253049534;Acquisto;PLTR;"PALANTIR TECHNOLOGIES CL A ORD";US69608A1088;1.0;172.55;3.26;0.00;-175.81;USD;-175.81;5906.55;USD
18-08-2025 15:46:02;253049124;Acquisto;CRWV;"COREWEAVE CL A ORD";US21873S1087;6.0;101.06;2.91;0.00;-609.27;USD;-609.27;6082.36;USD
18-08-2025 15:46:02;253049124;Acquisto;CRWV;"COREWEAVE CL A ORD";US21873S1087;3.0;101.06;3.45;0.00;-306.63;USD;-306.63;6691.63;USD
18-08-2025 15:45:20;253058025;Acquisto;AAPL;"APPLE ORD";US0378331005;4.0;231.8897;6.39;0.00;-933.95;USD;-933.95;6998.26;USD
18-08-2025 15:44:17;253058451;Acquisto;AMD;"ADVANCED MICRO DEVICES ORD";US0079031078;5.0;177.5295;6.33;0.00;-893.98;USD;-893.98;7932.21;USD
18-08-2025 15:43:29;253058369;Acquisto;PLTR;"PALANTIR TECHNOLOGIES CL A ORD";US69608A1088;4.0;176.9496;6.06;0.00;-713.86;USD;-713.86;8826.19;USD
18-08-2025 15:42:30;253057764;Acquisto;NVDA;"NVIDIA ORD";US67066G1040;5.0;182.5999;6.37;0.00;-919.37;USD;-919.37;9540.05;USD
15-08-2025 17:48:41;252669302;Rettif. costi Borsa;RIVN;"RIVIAN AUTOMOTIVE CL A ORD";US76954A1034;1.0;0.03;0.00;0.00;0.03;USD;0.03;10459.42;USD
15-08-2025 17:48:38;252669302;Vendita;RIVN;"RIVIAN AUTOMOTIVE CL A ORD";US76954A1034;100.0;12.1101;11.85;0.00;1199.16;USD;1199.16;10459.39;USD
15-08-2025 17:47:00;252669216;Vendita;ETH;"ETH";EX0X00ETH000;1.0;4416.60;44.17;0.00;4372.43;USD;4372.43;9260.23;USD
15-08-2025 17:47:00;252669216;Vendita;ETH;"ETH";EX0X00ETH000;1.0;4417.30;44.17;0.00;4373.13;USD;4373.13;4887.80;USD
14-08-2025 20:22:16;252460771;Acquisto;ETH;"ETH";EX0X00ETH000;0.67;4500.00;30.15;0.00;-3045.15;USD;-3045.15;514.67;USD
14-08-2025 15:32:15;252362772;Acquisto;RIVN;"RIVIAN AUTOMOTIVE CL A ORD";US76954A1034;10.0;11.95;3.18;0.00;-122.68;USD;-122.68;3559.82;USD
14-08-2025 15:16:11;252394061;Acquisto;ETH;"ETH";EX0X00ETH000;0.33;4555.90;15.03;0.00;-1518.48;USD;-1518.48;3682.50;USD
13-08-2025 17:20:25;252199562;Rettif. costi Borsa;ARM;"ARM HOLDINGS ADR";US0420682058;1.0;0.04;0.00;0.00;0.04;USD;0.04;5200.98;USD
13-08-2025 17:20:22;252199562;Vendita;ARM;"ARM HOLDINGS ADR";US0420682058;13.0;142.2225;12.81;0.00;1836.08;USD;1836.08;5200.94;USD
13-08-2025 17:19:53;252200003;Rettif. costi Borsa;NVDA;"NVIDIA ORD";US67066G1040;1.0;0.04;0.00;0.00;0.04;USD;0.04;3364.86;USD
13-08-2025 17:19:52;252200003;Vendita;NVDA;"NVIDIA ORD";US67066G1040;9.0;180.295;12.47;0.00;1610.19;USD;1610.19;3364.82;USD
13-08-2025 17:19:02;252199465;Rettif. costi Borsa;NVDA;"NVIDIA ORD";US67066G1040;1.0;0.04;0.00;0.00;0.04;USD;0.04;1754.63;USD
13-08-2025 17:19:00;252199465;Vendita;NVDA;"NVIDIA ORD";US67066G1040;10.0;179.905;12.74;0.00;1786.31;USD;1786.31;1754.59;USD
13-08-2025 16:14:31;252186180;Acquisto;NVDA;"NVIDIA ORD";US67066G1040;6.0;181.00;6.63;0.00;-1092.63;USD;-1092.63;-31.72;USD
13-08-2025 16:14:31;252186180;Acquisto;NVDA;"NVIDIA ORD";US67066G1040;3.0;181.00;5.81;0.00;-548.81;USD;-548.81;1060.91;USD
13-08-2025 16:12:02;252187083;Acquisto;RIVN;"RIVIAN AUTOMOTIVE CL A ORD";US76954A1034;10.0;12.0199;3.18;0.00;-123.38;USD;-123.38;1609.72;USD
13-08-2025 16:07:10;00000000;Servizi Paganti;;;;1.0;-10.00;0.00;0.00;-10.00;USD;-10.00;1733.10;USD
13-08-2025 15:55:33;252161484;Acquisto;ETH;"ETH";EX0X00ETH000;0.5;4686.30;23.43;0.00;-2366.58;USD;-2366.58;1743.10;USD
13-08-2025 15:35:12;251951175;Rettif. costi Borsa;AMD;"ADVANCED MICRO DEVICES ORD";US0079031078;1.0;0.05;0.00;0.00;0.05;USD;0.05;4109.68;USD
13-08-2025 15:35:12;251981978;Rettif. costi Borsa;AMD;"ADVANCED MICRO DEVICES ORD";US0079031078;1.0;0.05;0.00;0.00;0.05;USD;0.05;4109.63;USD
13-08-2025 15:31:24;251981978;Vendita;AMD;"ADVANCED MICRO DEVICES ORD";US0079031078;11.0;182.50;33.91;0.00;1973.59;USD;1973.59;4109.58;USD
13-08-2025 15:31:23;251951175;Vendita;AMD;"ADVANCED MICRO DEVICES ORD";US0079031078;11.0;182.50;33.91;0.00;1973.59;USD;1973.59;2135.99;USD
12-08-2025 21:38:19;251984073;Acquisto;ETH;"ETH";EX0X00ETH000;0.1;3858.60;3.86;0.00;-389.72;EUR;-389.72;90.50;EUR
12-08-2025 21:27:11;251982863;Acquisto;ETH;"ETH";EX0X00ETH000;0.4;4500.30;18.00;0.00;-1818.12;USD;-1818.12;162.40;USD
12-08-2025 16:28:26;251952394;Acquisto;ARM;"ARM HOLDINGS ADR";US0420682058;13.0;142.5787;13.63;0.00;-1867.15;USD;-1867.15;1980.52;USD
12-08-2025 15:33:04;251930583;Acquisto;NVDA;"NVIDIA ORD";US67066G1040;7.0;181.00;6.91;0.00;-1273.91;USD;-1273.91;3847.67;USD
12-08-2025 15:33:03;251930583;Acquisto;NVDA;"NVIDIA ORD";US67066G1040;3.0;181.00;6.66;0.00;-549.66;USD;-549.66;5121.58;USD
12-08-2025 15:31:36;251929940;Acquisto;AMD;"ADVANCED MICRO DEVICES ORD";US0079031078;8.0;171.00;7.05;0.00;-1375.05;USD;-1375.05;5671.24;USD
12-08-2025 15:31:35;251929940;Acquisto;AMD;"ADVANCED MICRO DEVICES ORD";US0079031078;3.0;171.00;6.62;0.00;-519.62;USD;-519.62;7046.29;USD
12-08-2025 08:54:05;251860475;Acquisto;BTC;"BTC";EX0X00XBT000;0.00048347;102396.00;0.50;0.00;-50.01;EUR;-50.01;480.22;EUR
12-08-2025 08:49:43;251857835;Acquisto;XRP;"XRP";EX0X00XRP000;18.2768839;2.70861;0.50;0.00;-50.00;EUR;-50.00;530.23;EUR
12-08-2025 01:20:54;00000000;Pagamento;;;;1.0;580.00;0.00;0.00;580.00;EUR;580.00;580.23;EUR
11-08-2025 17:34:51;251758156;Rettif. costi Borsa;TSM;"TAIWAN SEMICONDUCTOR MNFTG ADR 5 ORD";US8740391003;1.0;0.04;0.00;0.00;0.04;USD;0.04;7565.91;USD
11-08-2025 17:34:49;251758173;Rettif. costi Borsa;TSM;"TAIWAN SEMICONDUCTOR MNFTG ADR 5 ORD";US8740391003;1.0;0.04;0.00;0.00;0.04;USD;0.04;7565.87;USD
11-08-2025 17:34:49;251758173;Vendita;TSM;"TAIWAN SEMICONDUCTOR MNFTG ADR 5 ORD";US8740391003;6.0;244.90;9.24;0.00;1460.16;USD;1460.16;7565.83;USD
11-08-2025 17:34:49;251758156;Vendita;TSM;"TAIWAN SEMICONDUCTOR MNFTG ADR 5 ORD";US8740391003;6.0;244.90;9.24;0.00;1460.16;USD;1460.16;6105.67;USD
11-08-2025 17:34:49;251758173;Vendita;TSM;"TAIWAN SEMICONDUCTOR MNFTG ADR 5 ORD";US8740391003;2.0;244.90;4.59;0.00;485.21;USD;485.21;4645.51;USD
11-08-2025 17:34:49;251758156;Vendita;TSM;"TAIWAN SEMICONDUCTOR MNFTG ADR 5 ORD";US8740391003;2.0;244.90;4.59;0.00;485.21;USD;485.21;4160.30;USD
11-08-2025 17:33:44;251758636;Rettif. costi Borsa;AMD;"ADVANCED MICRO DEVICES ORD";US0079031078;1.0;0.04;0.00;0.00;0.04;USD;0.04;3675.09;USD
11-08-2025 17:33:42;251758636;Vendita;AMD;"ADVANCED MICRO DEVICES ORD";US0079031078;7.0;178.00;6.90;0.00;1239.10;USD;1239.10;3675.05;USD
11-08-2025 17:33:42;251758636;Vendita;AMD;"ADVANCED MICRO DEVICES ORD";US0079031078;3.0;178.00;6.66;0.00;527.34;USD;527.34;2435.95;USD
11-08-2025 15:37:11;251293164;Rettif. costi Borsa;ARM;"ARM HOLDINGS ADR";US0420682058;1.0;0.04;0.00;0.00;0.04;USD;0.04;1908.61;USD
11-08-2025 15:37:11;251293164;Vendita;ARM;"ARM HOLDINGS ADR";US0420682058;9.0;141.90;6.95;0.00;1270.15;USD;1270.15;1908.57;USD
11-08-2025 15:37:11;251293164;Vendita;ARM;"ARM HOLDINGS ADR";US0420682058;4.0;141.90;6.71;0.00;560.89;USD;560.89;638.42;USD
08-08-2025 18:19:12;251244734;Acquisto;ARM;"ARM HOLDINGS ADR";US0420682058;13.0;138.9989;13.56;0.00;-1820.55;USD;-1820.55;77.53;USD
08-08-2025 17:45:16;251242377;Acquisto;AMD;"ADVANCED MICRO DEVICES ORD";US0079031078;11.0;172.0496;13.69;0.00;-1906.24;USD;-1906.24;1898.08;USD
08-08-2025 16:42:10;251067295;Acquisto;TSM;"TAIWAN SEMICONDUCTOR MNFTG ADR 5 ORD";US8740391003;6.0;240.20;9.16;0.00;-1450.36;USD;-1450.36;3804.32;USD
08-08-2025 16:42:09;251067295;Acquisto;TSM;"TAIWAN SEMICONDUCTOR MNFTG ADR 5 ORD";US8740391003;2.0;240.20;4.57;0.00;-484.97;USD;-484.97;5254.68;USD
08-08-2025 16:38:49;251213557;Acquisto;RIVN;"RIVIAN AUTOMOTIVE CL A ORD";US76954A1034;45.0;12.00;2.81;0.00;-542.81;USD;-542.81;5739.65;USD
08-08-2025 16:38:49;251213557;Acquisto;RIVN;"RIVIAN AUTOMOTIVE CL A ORD";US76954A1034;16.0;12.00;4.14;0.00;-196.14;USD;-196.14;6282.46;USD
07-08-2025 21:56:57;251025007;Rettif. costi Borsa;TSLA;"TESLA ORD";US88160R1014;1.0;0.15;0.00;0.00;0.15;USD;0.15;6478.60;USD
07-08-2025 21:56:55;251025007;Vendita;TSLA;"TESLA ORD";US88160R1014;20.0;322.1501;40.66;0.00;6402.34;USD;6402.34;6478.45;USD
06-08-2025 16:04:09;250645813;Acquisto;TSM;"TAIWAN SEMICONDUCTOR MNFTG ADR 5 ORD";US8740391003;8.0;231.2794;13.63;0.00;-1863.87;USD;-1863.87;76.11;USD
06-08-2025 15:34:52;250585538;Rettif. costi Borsa;TSLA;"TESLA ORD";US88160R1014;1.0;0.04;0.00;0.00;0.04;USD;0.04;1939.98;USD
06-08-2025 15:32:40;250585538;Vendita;TSLA;"TESLA ORD";US88160R1014;4.0;309.90;6.89;0.00;1232.71;USD;1232.71;1939.94;USD
06-08-2025 15:32:40;250585538;Vendita;TSLA;"TESLA ORD";US88160R1014;2.0;309.90;6.79;0.00;613.01;USD;613.01;707.23;USD
05-08-2025 20:43:26;250456871;Acquisto;AMD;"ADVANCED MICRO DEVICES ORD";US0079031078;10.0;176.2299;13.49;0.00;-1775.79;USD;-1775.79;94.22;USD
05-08-2025 20:39:48;250457106;Rettif. costi Borsa;TSLA;"TESLA ORD";US88160R1014;1.0;0.04;0.00;0.00;0.04;USD;0.04;1870.01;USD
05-08-2025 20:39:46;250457106;Vendita;TSLA;"TESLA ORD";US88160R1014;6.0;309.1503;13.67;0.00;1841.23;USD;1841.23;1869.97;USD
04-08-2025 15:30:16;250131032;Acquisto;RIVN;"RIVIAN AUTOMOTIVE CL A ORD";US76954A1034;19.0;12.56;4.21;0.00;-242.85;USD;-242.85;28.74;USD
01-08-2025 21:11:13;249468324;Acquisto;TSLA;"TESLA ORD";US88160R1014;24.0;302.52;10.89;0.00;-7271.37;USD;-7271.37;271.59;USD
01-08-2025 21:11:13;249468324;Acquisto;TSLA;"TESLA ORD";US88160R1014;8.0;302.52;34.48;0.00;-2454.64;USD;-2454.64;7542.96;USD
01-08-2025 15:51:04;249428201;Rettif. costi Borsa;PLTR;"PALANTIR TECHNOLOGIES CL A ORD";US69608A1088;1.0;0.03;0.00;0.00;0.03;USD;0.03;9997.60;USD
01-08-2025 15:51:01;249428201;Vendita;PLTR;"PALANTIR TECHNOLOGIES CL A ORD";US69608A1088;10.0;151.4305;12.30;0.00;1502.01;USD;1502.01;9997.57;USD
01-08-2025 15:50:50;249428153;Rettif. costi Borsa;NVDA;"NVIDIA ORD";US67066G1040;1.0;0.04;0.00;0.00;0.04;USD;0.04;8495.56;USD
01-08-2025 15:50:48;249428153;Vendita;NVDA;"NVIDIA ORD";US67066G1040;10.0;171.3601;12.61;0.00;1700.99;USD;1700.99;8495.52;USD
01-08-2025 15:50:25;249428553;Rettif. costi Borsa;AMD;"ADVANCED MICRO DEVICES ORD";US0079031078;1.0;0.11;0.00;0.00;0.11;USD;0.11;6794.53;USD
01-08-2025 15:50:22;249428553;Vendita;AMD;"ADVANCED MICRO DEVICES ORD";US0079031078;30.0;167.1601;37.63;0.00;4977.17;USD;4977.17;6794.42;USD
01-08-2025 15:49:44;249428444;Rettif. costi Borsa;TSLA;"TESLA ORD";US88160R1014;1.0;0.03;0.00;0.00;0.03;USD;0.03;1817.25;USD
01-08-2025 15:49:41;249428444;Vendita;TSLA;"TESLA ORD";US88160R1014;3.0;303.20;6.38;0.00;903.22;USD;903.22;1817.22;USD
01-08-2025 15:49:41;249428444;Vendita;TSLA;"TESLA ORD";US88160R1014;2.0;303.20;5.92;0.00;600.48;USD;600.48;914.00;USD
01-08-2025 15:31:09;249422574;Acquisto;TSLA;"TESLA ORD";US88160R1014;3.0;307.50;6.39;0.00;-928.89;USD;-928.89;313.52;USD
01-08-2025 15:31:09;249422574;Acquisto;TSLA;"TESLA ORD";US88160R1014;2.0;307.50;5.92;0.00;-620.92;USD;-620.92;1242.41;USD
01-08-2025 15:30:20;249421902;Acquisto;AMD;"ADVANCED MICRO DEVICES ORD";US0079031078;10.0;169.50;12.54;0.00;-1707.54;USD;-1707.54;1863.33;USD
01-08-2025 15:30:19;249421219;Acquisto;AMD;"ADVANCED MICRO DEVICES ORD";US0079031078;10.0;169.50;12.54;0.00;-1707.54;USD;-1707.54;3570.87;USD
01-08-2025 15:30:17;249421817;Acquisto;AMD;"ADVANCED MICRO DEVICES ORD";US0079031078;10.0;169.50;12.54;0.00;-1707.54;USD;-1707.54;5278.41;USD
01-08-2025 15:30:02;249421483;Acquisto;NVDA;"NVIDIA ORD";US67066G1040;10.0;174.00;12.61;0.00;-1752.61;USD;-1752.61;6985.95;USD
01-08-2025 15:30:01;249420839;Acquisto;PLTR;"PALANTIR TECHNOLOGIES CL A ORD";US69608A1088;10.0;155.04;12.27;0.00;-1562.67;USD;-1562.67;8738.56;USD
31-07-2025 19:33:04;249233462;Rettif. costi Borsa;AMD;"ADVANCED MICRO DEVICES ORD";US0079031078;1.0;0.12;0.00;0.00;0.12;USD;0.12;10301.23;USD
31-07-2025 19:33:02;249233462;Vendita;AMD;"ADVANCED MICRO DEVICES ORD";US0079031078;22.0;176.97;25.93;0.00;3867.41;USD;3867.41;10301.11;USD
31-07-2025 19:33:02;249233462;Vendita;AMD;"ADVANCED MICRO DEVICES ORD";US0079031078;8.0;176.97;13.00;0.00;1402.76;USD;1402.76;6433.70;USD
31-07-2025 16:58:46;249168959;Rettif. costi Borsa;TSLA;"TESLA ORD";US88160R1014;1.0;0.11;0.00;0.00;0.11;USD;0.11;5030.94;USD
31-07-2025 16:58:44;249168959;Vendita;TSLA;"TESLA ORD";US88160R1014;16.0;313.5102;37.63;0.00;4978.53;USD;4978.53;5030.83;USD
31-07-2025 14:05:20;249052852;Accredito Forex;;;;1.0;4.00;0.00;0.00;4.00;EUR;4.00;0.23;EUR
31-07-2025 14:05:20;249052852;Addebito Forex;;;;1.0;3.75;0.00;0.00;-3.75;CHF;-3.75;11.35;CHF
31-07-2025 13:00:07;00000000;Transazione con carta;;"PE VELEJA  - LED";;1.0;-4.00;0.00;0.00;-4.00;EUR;-4.00;-3.77;EUR
30-07-2025 21:52:40;248887742;Acquisto;TSLA;"TESLA ORD";US88160R1014;5.0;316.5896;13.22;0.00;-1596.17;USD;-1596.17;52.30;USD
30-07-2025 21:38:51;248886355;Rettif. costi Borsa;NVDA;"NVIDIA ORD";US67066G1040;1.0;0.04;0.00;0.00;0.04;USD;0.04;1648.47;USD
30-07-2025 21:38:48;248886355;Vendita;NVDA;"NVIDIA ORD";US67066G1040;9.0;178.8401;13.30;0.00;1596.26;USD;1596.26;1648.43;USD
30-07-2025 19:16:28;248871009;Acquisto;TSLA;"TESLA ORD";US88160R1014;4.0;318.10;6.91;0.00;-1279.31;USD;-1279.31;52.17;USD
30-07-2025 19:16:28;248871009;Acquisto;TSLA;"TESLA ORD";US88160R1014;2.0;318.10;6.80;0.00;-643.00;USD;-643.00;1331.48;USD
30-07-2025 16:41:46;248850686;Acquisto;TSLA;"TESLA ORD";US88160R1014;3.0;321.10;6.45;0.00;-969.75;USD;-969.75;1974.48;USD
30-07-2025 16:41:46;248850686;Acquisto;TSLA;"TESLA ORD";US88160R1014;2.0;321.10;6.81;0.00;-649.01;USD;-649.01;2944.23;USD
30-07-2025 15:31:20;248825274;Rettif. costi Borsa;AMD;"ADVANCED MICRO DEVICES ORD";US0079031078;1.0;0.04;0.00;0.00;0.04;USD;0.04;3593.24;USD
30-07-2025 15:31:13;248825247;Rettif. costi Borsa;AMD;"ADVANCED MICRO DEVICES ORD";US0079031078;1.0;0.04;0.00;0.00;0.04;USD;0.04;3593.20;USD
30-07-2025 15:30:13;248825274;Vendita;AMD;"ADVANCED MICRO DEVICES ORD";US0079031078;10.0;175.45;13.52;0.00;1740.98;USD;1740.98;3593.16;USD
30-07-2025 15:30:11;248825247;Vendita;AMD;"ADVANCED MICRO DEVICES ORD";US0079031078;10.0;175.45;13.52;0.00;1740.98;USD;1740.98;1852.18;USD
29-07-2025 20:46:58;248651176;Acquisto;NVDA;"NVIDIA ORD";US67066G1040;9.0;176.4299;13.23;0.00;-1601.10;USD;-1601.10;111.20;USD
29-07-2025 15:44:34;248608671;Acquisto;AMD;"ADVANCED MICRO DEVICES ORD";US0079031078;45.0;178.24;42.88;0.00;-8063.68;USD;-8063.68;1712.30;USD
29-07-2025 15:42:49;248608473;Rettif. costi Borsa;TSLA;"TESLA ORD";US88160R1014;1.0;0.22;0.00;0.00;0.22;USD;0.22;9775.98;USD
29-07-2025 15:42:47;248608473;Vendita;TSLA;"TESLA ORD";US88160R1014;30.0;320.975;45.51;0.00;9583.74;USD;9583.74;9775.76;USD
29-07-2025 07:57:01;248475638;Accredito Forex;;;;1.0;61.60;0.00;0.00;61.60;USD;61.60;192.02;USD
29-07-2025 07:57:01;248475638;Addebito Forex;;;;1.0;50.00;0.00;0.00;-50.00;CHF;-50.00;15.10;CHF
29-07-2025 07:56:22;248475047;Accredito Forex;;;;1.0;47.87;0.00;0.00;47.87;EUR;47.87;0.23;EUR
29-07-2025 07:56:22;248475047;Addebito Forex;;;;1.0;45.00;0.00;0.00;-45.00;CHF;-45.00;65.10;CHF
29-07-2025 07:55:11;248474902;Acquisto;BTC;"BTC";EX0X00XBT000;0.00048297;102496.00;0.50;0.00;-50.00;EUR;-50.00;-47.64;EUR
29-07-2025 07:50:23;248473559;Acquisto;XRP;"XRP";EX0X00XRP000;18.26609395;2.7095;0.49;0.00;-49.98;EUR;-49.98;2.36;EUR
28-07-2025 15:30:22;248293988;Acquisto;AMD;"ADVANCED MICRO DEVICES ORD";US0079031078;5.0;169.00;7.12;0.00;-852.12;USD;-852.12;130.42;USD
28-07-2025 12:00:53;248293927;Accredito Forex;;;;1.0;404.61;0.00;0.00;404.61;USD;404.61;982.54;USD
28-07-2025 12:00:53;248293927;Addebito Forex;;;;1.0;350.00;0.00;0.00;-350.00;EUR;-350.00;52.34;EUR
28-07-2025 01:46:26;00000000;Pagamento;;;;1.0;100.00;0.00;0.00;100.00;CHF;100.00;110.10;CHF
26-07-2025 18:33:35;247884182;Acquisto;BTC;"BTC";EX0X00XBT000;0.00019676;100580.00;0.20;0.00;-19.99;EUR;-19.99;402.34;EUR
24-07-2025 19:12:28;247512727;Acquisto;TSLA;"TESLA ORD";US88160R1014;30.0;302.7295;44.47;0.00;-9126.36;USD;-9126.36;577.93;USD
24-07-2025 15:32:14;247372217;Rettif. costi Borsa;TSLA;"TESLA ORD";US88160R1014;1.0;0.04;0.00;0.00;0.04;USD;0.04;9704.29;USD
24-07-2025 15:31:01;247416344;Rettif. costi Borsa;AMD;"ADVANCED MICRO DEVICES ORD";US0079031078;1.0;0.04;0.00;0.00;0.04;USD;0.04;9704.25;USD
24-07-2025 15:30:59;247372519;Rettif. costi Borsa;NVDA;"NVIDIA ORD";US67066G1040;1.0;0.04;0.00;0.00;0.04;USD;0.04;9704.21;USD
24-07-2025 15:30:59;247416368;Rettif. costi Borsa;AMD;"ADVANCED MICRO DEVICES ORD";US0079031078;1.0;0.04;0.00;0.00;0.04;USD;0.04;9704.17;USD
24-07-2025 15:30:53;247372478;Rettif. costi Borsa;NVDA;"NVIDIA ORD";US67066G1040;1.0;0.04;0.00;0.00;0.04;USD;0.04;9704.13;USD
24-07-2025 15:30:11;247372217;Vendita;TSLA;"TESLA ORD";US88160R1014;6.0;309.75;13.68;0.00;1844.82;USD;1844.82;9704.09;USD
24-07-2025 15:30:06;247416344;Vendita;AMD;"ADVANCED MICRO DEVICES ORD";US0079031078;10.0;159.07;13.28;0.00;1577.42;USD;1577.42;7859.27;USD
24-07-2025 15:30:06;247416368;Vendita;AMD;"ADVANCED MICRO DEVICES ORD";US0079031078;10.0;159.07;13.28;0.00;1577.42;USD;1577.42;6281.85;USD
24-07-2025 15:30:06;247372519;Vendita;NVDA;"NVIDIA ORD";US67066G1040;10.0;172.46;13.48;0.00;1711.12;USD;1711.12;4704.43;USD
24-07-2025 15:30:05;247372478;Vendita;NVDA;"NVIDIA ORD";US67066G1040;10.0;172.46;13.48;0.00;1711.12;USD;1711.12;2993.31;USD
24-07-2025 07:36:25;247309021;Accredito Forex;;;;1.0;737.58;0.00;0.00;737.58;USD;737.58;1282.19;USD
24-07-2025 07:36:25;247309021;Addebito Forex;;;;1.0;590.00;0.00;0.00;-590.00;CHF;-590.00;10.10;CHF
24-07-2025 07:31:09;00000000;Pagamento;;;;1.0;600.00;0.00;0.00;600.00;CHF;600.00;600.10;CHF
23-07-2025 20:20:25;247237219;Acquisto;TSLA;"TESLA ORD";US88160R1014;1.0;332.2992;3.50;0.00;-335.80;USD;-335.80;544.61;USD
23-07-2025 20:08:44;247236162;Acquisto;TSLA;"TESLA ORD";US88160R1014;5.0;331.435;12.49;0.00;-1669.67;USD;-1669.67;880.41;USD
23-07-2025 15:59:41;247199072;Accredito Forex;;;;1.0;422.33;0.00;0.00;422.33;EUR;422.33;422.33;EUR
23-07-2025 15:59:41;247199072;Addebito Forex;;;;1.0;500.00;0.00;0.00;-500.00;USD;-500.00;2550.08;USD
22-07-2025 17:20:46;247012404;Acquisto;AMD;"ADVANCED MICRO DEVICES ORD";US0079031078;15.0;153.10;28.44;0.00;-2324.94;USD;-2324.94;3050.08;USD
22-07-2025 17:20:46;247012404;Acquisto;AMD;"ADVANCED MICRO DEVICES ORD";US0079031078;5.0;153.10;6.15;0.00;-771.65;USD;-771.65;5375.02;USD
22-07-2025 17:20:28;247013089;Acquisto;NVDA;"NVIDIA ORD";US67066G1040;20.0;168.0699;35.04;0.00;-3396.44;USD;-3396.44;6146.67;USD
22-07-2025 15:54:27;246995880;Rettif. costi Borsa;PLTR;"PALANTIR TECHNOLOGIES CL A ORD";US69608A1088;1.0;0.04;0.00;0.00;0.04;USD;0.04;9543.11;USD
22-07-2025 15:54:15;246995880;Vendita;PLTR;"PALANTIR TECHNOLOGIES CL A ORD";US69608A1088;9.0;145.30;9.00;0.00;1298.70;USD;1298.70;9543.07;USD
22-07-2025 15:54:15;246995880;Vendita;PLTR;"PALANTIR TECHNOLOGIES CL A ORD";US69608A1088;3.0;145.30;3.66;0.00;432.24;USD;432.24;8244.37;USD
22-07-2025 15:53:38;246995793;Rettif. costi Borsa;NVDA;"NVIDIA ORD";US67066G1040;1.0;0.04;0.00;0.00;0.04;USD;0.04;7812.13;USD
22-07-2025 15:53:36;246995793;Vendita;NVDA;"NVIDIA ORD";US67066G1040;10.0;165.445;12.52;0.00;1641.93;USD;1641.93;7812.09;USD
22-07-2025 15:52:39;246995338;Rettif. costi Borsa;AMD;"ADVANCED MICRO DEVICES ORD";US0079031078;1.0;0.14;0.00;0.00;0.14;USD;0.14;6170.16;USD
22-07-2025 15:52:36;246995338;Vendita;AMD;"ADVANCED MICRO DEVICES ORD";US0079031078;30.0;151.01;26.90;0.00;4503.40;USD;4503.40;6170.02;USD
22-07-2025 15:52:35;246995338;Vendita;AMD;"ADVANCED MICRO DEVICES ORD";US0079031078;10.0;151.01;12.30;0.00;1497.80;USD;1497.80;1666.62;USD
21-07-2025 15:48:45;246764284;Acquisto;AMD;"ADVANCED MICRO DEVICES ORD";US0079031078;10.0;158.3096;12.37;0.00;-1595.47;USD;-1595.47;168.82;USD
21-07-2025 15:47:18;246764059;Rettif. costi Borsa;TSLA;"TESLA ORD";US88160R1014;1.0;0.04;0.00;0.00;0.04;USD;0.04;1764.29;USD
21-07-2025 15:47:15;246764059;Vendita;TSLA;"TESLA ORD";US88160R1014;5.0;330.065;13.37;0.00;1636.96;USD;1636.96;1764.25;USD
21-07-2025 15:30:19;246757301;Acquisto;AMD;"ADVANCED MICRO DEVICES ORD";US0079031078;12.0;157.67;13.69;0.00;-1905.73;USD;-1905.73;127.29;USD
21-07-2025 15:30:18;246757502;Acquisto;AMD;"ADVANCED MICRO DEVICES ORD";US0079031078;6.0;157.78;7.27;0.00;-953.95;USD;-953.95;2033.02;USD
18-07-2025 20:08:46;246312480;Rettif. costi Borsa;TSLA;"TESLA ORD";US88160R1014;1.0;0.04;0.00;0.00;0.04;USD;0.04;2986.97;USD
18-07-2025 20:08:45;246312480;Vendita;TSLA;"TESLA ORD";US88160R1014;3.0;329.99;6.50;0.00;983.47;USD;983.47;2986.93;USD
18-07-2025 20:08:44;246312480;Vendita;TSLA;"TESLA ORD";US88160R1014;2.0;329.99;6.86;0.00;653.12;USD;653.12;2003.46;USD
18-07-2025 15:48:30;246302039;Rettif. costi Borsa;TSLA;"TESLA ORD";US88160R1014;1.0;0.02;0.00;0.00;0.02;USD;0.02;1350.34;USD
18-07-2025 15:48:28;246302039;Vendita;TSLA;"TESLA ORD";US88160R1014;2.0;325.90;2.99;0.00;648.81;USD;648.81;1350.32;USD
18-07-2025 15:48:28;246302039;Vendita;TSLA;"TESLA ORD";US88160R1014;1.0;325.90;3.50;0.00;322.40;USD;322.40;701.51;USD
18-07-2025 06:58:14;00000000;Transazione con carta;;"3212 Decathlon Lausann";;1.0;-19.90;0.00;0.00;-19.90;CHF;-19.90;0.10;CHF
17-07-2025 21:48:47;246094725;Acquisto;NVDA;"NVIDIA ORD";US67066G1040;5.0;173.2499;6.30;0.00;-872.55;USD;-872.55;379.11;USD
17-07-2025 21:46:08;246094986;Rettif. costi Borsa;TSM;"TAIWAN SEMICONDUCTOR MNFTG ADR 5 ORD";US8740391003;1.0;0.02;0.00;0.00;0.02;USD;0.02;1251.66;USD
17-07-2025 21:46:04;246094986;Vendita;TSM;"TAIWAN SEMICONDUCTOR MNFTG ADR 5 ORD";US8740391003;4.0;247.3504;4.01;0.00;985.39;USD;985.39;1251.64;USD
17-07-2025 18:23:54;246076439;Acquisto;AMD;"ADVANCED MICRO DEVICES ORD";US0079031078;4.0;159.59;0.96;0.00;-639.32;USD;-639.32;266.25;USD
17-07-2025 18:23:54;246076439;Acquisto;AMD;"ADVANCED MICRO DEVICES ORD";US0079031078;2.0;159.59;1.33;0.00;-320.51;USD;-320.51;905.57;USD
17-07-2025 17:54:24;246073588;Rettif. costi Borsa;TSLA;"TESLA ORD";US88160R1014;1.0;0.02;0.00;0.00;0.02;USD;0.02;1226.08;USD
17-07-2025 17:54:21;246073588;Vendita;TSLA;"TESLA ORD";US88160R1014;2.0;321.67;0.98;0.00;642.36;USD;642.36;1226.06;USD
17-07-2025 17:54:21;246073588;Vendita;TSLA;"TESLA ORD";US88160R1014;1.0;321.67;1.34;0.00;320.33;USD;320.33;583.70;USD
16-07-2025 17:43:43;245824420;Acquisto;NVDA;"NVIDIA ORD";US67066G1040;5.0;169.6699;6.27;0.00;-854.62;USD;-854.62;263.37;USD
16-07-2025 17:42:52;245824369;Acquisto;AMD;"ADVANCED MICRO DEVICES ORD";US0079031078;6.0;153.7597;6.38;0.00;-928.94;USD;-928.94;1117.99;USD
16-07-2025 17:41:19;245823776;Acquisto;TSM;"TAIWAN SEMICONDUCTOR MNFTG ADR 5 ORD";US8740391003;4.0;234.90;6.41;0.00;-946.01;USD;-946.01;2046.93;USD
16-07-2025 16:51:31;245623514;Rettif. costi Borsa;TSLA;"TESLA ORD";US88160R1014;1.0;0.02;0.00;0.00;0.02;USD;0.02;2992.94;USD
16-07-2025 16:51:30;245623520;Rettif. costi Borsa;TSLA;"TESLA ORD";US88160R1014;1.0;0.02;0.00;0.00;0.02;USD;0.02;2992.92;USD
16-07-2025 16:51:29;245607575;Rettif. costi Borsa;TSLA;"TESLA ORD";US88160R1014;1.0;0.02;0.00;0.00;0.02;USD;0.02;2992.90;USD
16-07-2025 16:51:28;245607575;Vendita;TSLA;"TESLA ORD";US88160R1014;2.0;320.90;2.97;0.00;638.83;USD;638.83;2992.88;USD
16-07-2025 16:51:28;245623520;Vendita;TSLA;"TESLA ORD";US88160R1014;2.0;320.90;2.97;0.00;638.83;USD;638.83;2354.05;USD
16-07-2025 16:51:28;245623514;Vendita;TSLA;"TESLA ORD";US88160R1014;2.0;320.90;2.97;0.00;638.83;USD;638.83;1715.22;USD
16-07-2025 16:51:28;245623520;Vendita;TSLA;"TESLA ORD";US88160R1014;1.0;320.90;3.49;0.00;317.41;USD;317.41;1076.39;USD
16-07-2025 16:51:28;245607575;Vendita;TSLA;"TESLA ORD";US88160R1014;1.0;320.90;3.49;0.00;317.41;USD;317.41;758.98;USD
16-07-2025 16:51:28;245623514;Vendita;TSLA;"TESLA ORD";US88160R1014;1.0;320.90;3.49;0.00;317.41;USD;317.41;441.57;USD
15-07-2025 21:36:15;245622166;Acquisto;PLTR;"PALANTIR TECHNOLOGIES CL A ORD";US69608A1088;4.0;148.51;2.89;0.00;-596.93;USD;-596.93;124.16;USD
15-07-2025 21:36:15;245622166;Acquisto;PLTR;"PALANTIR TECHNOLOGIES CL A ORD";US69608A1088;2.0;148.51;3.45;0.00;-300.47;USD;-300.47;721.09;USD
15-07-2025 21:25:25;245621261;Rettif. costi Borsa;TSLA;"TESLA ORD";US88160R1014;1.0;0.02;0.00;0.00;0.02;USD;0.02;1021.56;USD
15-07-2025 21:25:22;245621261;Vendita;TSLA;"TESLA ORD";US88160R1014;2.0;311.00;2.94;0.00;619.06;USD;619.06;1021.54;USD
15-07-2025 21:25:21;245621261;Vendita;TSLA;"TESLA ORD";US88160R1014;1.0;311.00;3.48;0.00;307.52;USD;307.52;402.48;USD
15-07-2025 15:45:57;245580634;Acquisto;PLTR;"PALANTIR TECHNOLOGIES CL A ORD";US69608A1088;4.0;148.50;2.89;0.00;-596.89;USD;-596.89;94.96;USD
15-07-2025 15:45:56;245580634;Acquisto;PLTR;"PALANTIR TECHNOLOGIES CL A ORD";US69608A1088;2.0;148.50;3.45;0.00;-300.45;USD;-300.45;691.85;USD
15-07-2025 15:34:57;245578539;Rettif. costi Borsa;TSLA;"TESLA ORD";US88160R1014;1.0;0.02;0.00;0.00;0.02;USD;0.02;992.30;USD
15-07-2025 15:34:05;245578539;Vendita;TSLA;"TESLA ORD";US88160R1014;2.0;320.90;2.97;0.00;638.83;USD;638.83;992.28;USD
15-07-2025 15:34:05;245578539;Vendita;TSLA;"TESLA ORD";US88160R1014;1.0;320.90;3.49;0.00;317.41;USD;317.41;353.45;USD
14-07-2025 01:51:23;00000000;Pagamento;;;;1.0;20.00;0.00;0.00;20.00;CHF;20.00;20.00;CHF
09-07-2025 16:28:09;244518479;Acquisto;TSLA;"TESLA ORD";US88160R1014;1.0;295.00;3.44;0.00;-298.44;USD;-298.44;36.04;USD
08-07-2025 17:51:34;244370175;Acquisto;TSLA;"TESLA ORD";US88160R1014;2.0;301.8995;5.91;0.00;-609.71;USD;-609.71;334.48;USD
08-07-2025 17:46:27;244369940;Accredito Forex;;;;1.0;609.55;0.00;0.00;609.55;USD;609.55;944.19;USD
08-07-2025 17:46:27;244369940;Addebito Forex;;;;1.0;490.50;0.00;0.00;-490.50;CHF;-490.50;0.00;CHF
08-07-2025 17:45:55;00000000;Pagamento;;;;1.0;500.00;9.50;0.00;490.50;CHF;490.50;490.50;CHF
07-07-2025 16:10:46;244175089;Acquisto;TSLA;"TESLA ORD";US88160R1014;5.0;294.924;12.21;0.00;-1486.83;USD;-1486.83;334.64;USD
07-07-2025 16:10:00;244179239;Acquisto;TSLA;"TESLA ORD";US88160R1014;5.0;294.822;12.21;0.00;-1486.32;USD;-1486.32;1821.47;USD
07-07-2025 15:31:18;244151711;Rettif. costi Borsa;PLTR;"PALANTIR TECHNOLOGIES CL A ORD";US69608A1088;1.0;0.02;0.00;0.00;0.02;USD;0.02;3307.79;USD
07-07-2025 15:31:14;244151796;Rettif. costi Borsa;PLTR;"PALANTIR TECHNOLOGIES CL A ORD";US69608A1088;1.0;0.02;0.00;0.00;0.02;USD;0.02;3307.77;USD
07-07-2025 15:31:11;244151764;Rettif. costi Borsa;PLTR;"PALANTIR TECHNOLOGIES CL A ORD";US69608A1088;1.0;0.02;0.00;0.00;0.02;USD;0.02;3307.75;USD
07-07-2025 15:31:11;244151503;Rettif. costi Borsa;PLTR;"PALANTIR TECHNOLOGIES CL A ORD";US69608A1088;1.0;0.02;0.00;0.00;0.02;USD;0.02;3307.73;USD
07-07-2025 15:30:14;244151711;Vendita;PLTR;"PALANTIR TECHNOLOGIES CL A ORD";US69608A1088;6.0;134.36;6.23;0.00;799.93;USD;799.93;3307.71;USD
07-07-2025 15:30:13;244151796;Vendita;PLTR;"PALANTIR TECHNOLOGIES CL A ORD";US69608A1088;6.0;134.36;6.23;0.00;799.93;USD;799.93;2507.78;USD
07-07-2025 15:30:13;244151764;Vendita;PLTR;"PALANTIR TECHNOLOGIES CL A ORD";US69608A1088;6.0;134.36;6.23;0.00;799.93;USD;799.93;1707.85;USD
07-07-2025 15:30:13;244151503;Vendita;PLTR;"PALANTIR TECHNOLOGIES CL A ORD";US69608A1088;6.0;134.36;6.23;0.00;799.93;USD;799.93;907.92;USD
03-07-2025 12:21:48;00000000;Dividendo;NVDA;"NVIDIA ORD";US67066G1040;1.0;0.06;0.02;0.00;0.04;USD;0.04;107.99;USD
01-07-2025 20:50:33;243121417;Acquisto;PLTR;"PALANTIR TECHNOLOGIES CL A ORD";US69608A1088;6.0;130.00;8.17;0.00;-788.17;USD;-788.17;107.95;USD
01-07-2025 20:50:33;243121417;Acquisto;PLTR;"PALANTIR TECHNOLOGIES CL A ORD";US69608A1088;3.0;130.00;4.44;0.00;-394.44;USD;-394.44;896.12;USD
01-07-2025 16:59:24;243104903;Accredito Forex;;;;1.0;1166.96;0.00;0.00;1166.96;USD;1166.96;1290.56;USD
01-07-2025 16:59:24;243104903;Addebito Forex;;;;1.0;1000.00;0.00;0.00;-1000.00;EUR;-1000.00;0.00;EUR
01-07-2025 09:01:11;00000000;Pagamento;;;;1.0;1000.00;0.00;0.00;1000.00;EUR;1000.00;1000.00;EUR
30-06-2025 22:48:16;242899343;Accredito Fx Comp.;;;;1.0;20.86;0.00;0.00;20.86;CHF;20.86;0.00;CHF
30-06-2025 22:48:16;242899343;Addebito Fx Comp.;;;;1.0;26.55;0.00;0.00;-26.55;USD;-26.55;123.60;USD
30-06-2025 11:51:29;00000000;Diritti di Custodia;;;;1.0;20.00;1.62;0.00;-21.62;CHF;-21.62;-20.86;CHF
27-06-2025 21:59:09;242473586;Acquisto;PLTR;"PALANTIR TECHNOLOGIES CL A ORD";US69608A1088;15.0;131.20;12.95;0.00;-1980.95;USD;-1980.95;150.15;USD
27-06-2025 21:56:04;242473174;Rettif. costi Borsa;AAPL;"APPLE ORD";US0378331005;1.0;0.04;0.00;0.00;0.04;USD;0.04;2131.10;USD
27-06-2025 21:56:03;242473174;Vendita;AAPL;"APPLE ORD";US0378331005;9.0;201.13;12.76;0.00;1797.41;USD;1797.41;2131.06;USD
25-06-2025 20:55:01;242037682;Acquisto;TSLA;"TESLA ORD";US88160R1014;2.0;323.90;2.97;0.00;-650.77;USD;-650.77;333.65;USD
25-06-2025 20:55:01;242037682;Acquisto;TSLA;"TESLA ORD";US88160R1014;1.0;323.90;3.49;0.00;-327.39;USD;-327.39;984.42;USD
25-06-2025 20:53:01;242037859;Acquisto;TSLA;"TESLA ORD";US88160R1014;5.0;323.7196;12.43;0.00;-1631.03;USD;-1631.03;1311.81;USD
25-06-2025 20:31:10;242028565;Acquisto;TSLA;"TESLA ORD";US88160R1014;3.0;324.10;6.46;0.00;-978.76;USD;-978.76;2942.84;USD
25-06-2025 20:31:09;242028565;Acquisto;TSLA;"TESLA ORD";US88160R1014;2.0;324.10;5.97;0.00;-654.17;USD;-654.17;3921.60;USD
25-06-2025 17:47:25;241658638;Rettif. costi Borsa;GOOGL;"ALPHABET CL A ORD";US02079K3059;1.0;0.04;0.00;0.00;0.04;USD;0.04;4575.77;USD
25-06-2025 17:47:25;241658143;Rettif. costi Borsa;GOOGL;"ALPHABET CL A ORD";US02079K3059;1.0;0.04;0.00;0.00;0.04;USD;0.04;4575.73;USD
25-06-2025 17:47:23;241658638;Vendita;GOOGL;"ALPHABET CL A ORD";US02079K3059;7.0;171.90;6.84;0.00;1196.46;USD;1196.46;4575.69;USD
25-06-2025 17:47:23;241658143;Vendita;GOOGL;"ALPHABET CL A ORD";US02079K3059;7.0;171.90;6.84;0.00;1196.46;USD;1196.46;3379.23;USD
25-06-2025 17:47:22;241658143;Vendita;GOOGL;"ALPHABET CL A ORD";US02079K3059;3.0;171.90;5.78;0.00;509.92;USD;509.92;2182.77;USD
25-06-2025 17:47:22;241658638;Vendita;GOOGL;"ALPHABET CL A ORD";US02079K3059;3.0;171.90;5.78;0.00;509.92;USD;509.92;1672.85;USD
24-06-2025 21:51:29;241852425;Acquisto;AAPL;"APPLE ORD";US0378331005;9.0;200.4799;12.71;0.00;-1817.03;USD;-1817.03;1162.93;USD
24-06-2025 21:50:07;241852371;Acquisto;TSLA;"TESLA ORD";US88160R1014;5.0;342.2093;12.57;0.00;-1723.62;USD;-1723.62;2979.96;USD
23-06-2025 20:39:25;241657867;Acquisto;GOOGL;"ALPHABET CL A ORD";US02079K3059;10.0;163.7398;12.46;0.00;-1649.86;USD;-1649.86;4703.58;USD
23-06-2025 15:33:50;241610116;Rettif. costi Borsa;TSLA;"TESLA ORD";US88160R1014;1.0;0.14;0.00;0.00;0.14;USD;0.14;6353.44;USD
23-06-2025 15:31:06;241610116;Vendita;TSLA;"TESLA ORD";US88160R1014;14.0;331.90;27.07;0.00;4619.53;USD;4619.53;6353.30;USD
23-06-2025 15:31:06;241610116;Vendita;TSLA;"TESLA ORD";US88160R1014;5.0;331.90;12.53;0.00;1646.97;USD;1646.97;1733.77;USD
20-06-2025 17:40:50;241224159;Acquisto;TSLA;"TESLA ORD";US88160R1014;19.0;321.8493;39.17;0.00;-6154.31;USD;-6154.31;86.80;USD
20-06-2025 17:32:43;241210526;Acquisto;GOOGL;"ALPHABET CL A ORD";US02079K3059;10.0;169.0598;12.54;0.00;-1703.14;USD;-1703.14;6241.11;USD
20-06-2025 16:35:29;241204010;Rettif. costi Borsa;AAPL;"APPLE ORD";US0378331005;1.0;0.18;0.00;0.00;0.18;USD;0.18;7944.25;USD
20-06-2025 16:35:28;241204010;Vendita;AAPL;"APPLE ORD";US0378331005;40.0;198.25;42.08;0.00;7887.92;USD;7887.92;7944.07;USD
13-06-2025 21:40:14;240226031;Acquisto;AAPL;"APPLE ORD";US0378331005;8.0;196.2698;12.36;0.00;-1582.52;USD;-1582.52;56.15;USD
13-06-2025 21:39:17;240225478;Acquisto;AAPL;"APPLE ORD";US0378331005;5.0;196.33;8.47;0.00;-990.12;USD;-990.12;1638.67;USD
13-06-2025 21:39:17;240225478;Acquisto;AAPL;"APPLE ORD";US0378331005;2.0;196.33;3.59;0.00;-396.25;USD;-396.25;2628.79;USD
13-06-2025 16:21:07;240194565;Accredito Forex;;;;1.0;1347.47;0.00;0.00;1347.47;USD;1347.47;3025.04;USD
13-06-2025 16:21:07;240194565;Addebito Forex;;;;1.0;1178.89;0.00;0.00;-1178.89;EUR;-1178.89;0.00;EUR
13-06-2025 16:20:28;240194486;Vendita;RACE;"FERRARI ORD";NL0011585146;3.0;401.90;26.81;0.00;1178.89;EUR;1178.89;1178.89;EUR
13-06-2025 16:14:15;240199607;Accredito Forex;;;;1.0;951.71;0.00;0.00;951.71;USD;951.71;1677.57;USD
13-06-2025 16:14:15;240199607;Addebito Forex;;;;1.0;780.00;0.00;0.00;-780.00;CHF;-780.00;0.76;CHF
13-06-2025 16:01:53;240198763;Accredito Forex;;;;1.0;40.25;0.00;0.00;40.25;CHF;40.25;780.76;CHF
13-06-2025 16:01:53;240198763;Addebito Forex;;;;1.0;50.00;0.00;0.00;-50.00;USD;-50.00;725.86;USD
13-06-2025 15:59:42;240198344;Accredito Forex;;;;1.0;670.27;0.00;0.00;670.27;USD;670.27;775.86;USD
13-06-2025 15:59:42;240198344;Addebito Forex;;;;1.0;550.00;0.00;0.00;-550.00;CHF;-550.00;740.51;CHF
13-06-2025 08:01:15;00000000;Pagamento;;;;1.0;1290.51;0.00;0.00;1290.51;CHF;1290.51;1290.51;CHF
12-06-2025 18:42:30;240011244;Acquisto;AAPL;"APPLE ORD";US0378331005;4.0;198.8699;6.19;0.00;-801.67;USD;-801.67;105.59;USD
12-06-2025 18:39:13;240010640;Rettif. costi Borsa;NVDA;"NVIDIA ORD";US67066G1040;1.0;0.02;0.00;0.00;0.02;USD;0.02;907.26;USD
12-06-2025 18:39:10;240010640;Vendita;NVDA;"NVIDIA ORD";US67066G1040;4.0;144.30;2.88;0.00;574.32;USD;574.32;907.24;USD
12-06-2025 18:39:10;240010640;Vendita;NVDA;"NVIDIA ORD";US67066G1040;2.0;144.30;4.29;0.00;284.31;USD;284.31;332.92;USD
12-06-2025 15:31:10;239943748;Acquisto;AAPL;"APPLE ORD";US0378331005;3.0;198.45;2.89;0.00;-598.24;USD;-598.24;48.61;USD
12-06-2025 15:31:10;239943748;Acquisto;AAPL;"APPLE ORD";US0378331005;2.0;198.45;3.60;0.00;-400.50;USD;-400.50;646.85;USD
12-06-2025 15:30:08;239944468;Acquisto;AAPL;"APPLE ORD";US0378331005;4.0;199.00;6.19;0.00;-802.19;USD;-802.19;1047.35;USD
10-06-2025 19:24:35;239626891;Rettif. costi Borsa;TSLA;"TESLA ORD";US88160R1014;1.0;0.04;0.00;0.00;0.04;USD;0.04;1849.54;USD
10-06-2025 19:24:32;239626891;Vendita;TSLA;"TESLA ORD";US88160R1014;3.0;319.90;6.47;0.00;953.23;USD;953.23;1849.50;USD
10-06-2025 19:24:32;239626891;Vendita;TSLA;"TESLA ORD";US88160R1014;2.0;319.90;6.82;0.00;632.98;USD;632.98;896.27;USD
09-06-2025 22:19:13;239453807;Accredito Fx Comp.;;;;1.0;0.10;0.00;0.00;0.10;CHF;0.10;0.00;CHF
09-06-2025 22:19:13;239453807;Addebito Fx Comp.;;;;1.0;0.12;0.00;0.00;-0.12;USD;-0.12;263.29;USD
09-06-2025 19:38:53;239444861;Acquisto;AAPL;"APPLE ORD";US0378331005;3.0;201.20;2.91;0.00;-606.51;USD;-606.51;263.41;USD
09-06-2025 19:38:53;239444861;Acquisto;AAPL;"APPLE ORD";US0378331005;1.0;201.20;3.30;0.00;-204.50;USD;-204.50;869.92;USD
09-06-2025 19:35:15;239444802;Rettif. costi Borsa;INTC;"INTEL ORD";US4581401001;1.0;0.02;0.00;0.00;0.02;USD;0.02;1074.42;USD
09-06-2025 19:35:14;239444802;Vendita;INTC;"INTEL ORD";US4581401001;40.0;20.5901;6.26;0.00;817.34;USD;817.34;1074.40;USD
09-06-2025 18:47:43;239441845;Acquisto;AAPL;"APPLE ORD";US0378331005;4.0;204.6399;6.23;0.00;-824.79;USD;-824.79;257.06;USD
09-06-2025 18:43:49;239441406;Rettif. costi Borsa;PLTR;"PALANTIR TECHNOLOGIES CL A ORD";US69608A1088;1.0;0.02;0.00;0.00;0.02;USD;0.02;1081.85;USD
09-06-2025 18:43:47;239441406;Vendita;PLTR;"PALANTIR TECHNOLOGIES CL A ORD";US69608A1088;5.0;129.98;2.98;0.00;646.92;USD;646.92;1081.83;USD
09-06-2025 18:43:47;239441406;Vendita;PLTR;"PALANTIR TECHNOLOGIES CL A ORD";US69608A1088;2.0;129.98;3.40;0.00;256.56;USD;256.56;434.91;USD
09-06-2025 15:30:15;239379695;Acquisto;AAPL;"APPLE ORD";US0378331005;4.0;204.34;7.08;0.00;-824.44;USD;-824.44;178.35;USD
09-06-2025 09:33:45;239379640;Accredito Forex;;;;1.0;770.09;0.00;0.00;770.09;USD;770.09;1002.79;USD
09-06-2025 09:33:45;239379640;Addebito Forex;;;;1.0;637.75;0.00;0.00;-637.75;CHF;-637.75;-0.10;CHF
08-06-2025 19:35:38;00000000;Pagamento;;;;1.0;650.00;12.35;0.00;637.65;CHF;637.65;637.65;CHF
06-06-2025 21:55:41;239134622;Acquisto;TSLA;"TESLA ORD";US88160R1014;5.0;295.8395;12.22;0.00;-1491.42;USD;-1491.42;232.70;USD
06-06-2025 21:09:28;239131608;Acquisto;NVDA;"NVIDIA ORD";US67066G1040;4.0;142.10;2.85;0.00;-571.25;USD;-571.25;1724.12;USD
06-06-2025 21:09:28;239131608;Acquisto;NVDA;"NVIDIA ORD";US67066G1040;2.0;142.10;3.43;0.00;-287.63;USD;-287.63;2295.37;USD
06-06-2025 20:51:04;239130566;Acquisto;INTC;"INTEL ORD";US4581401001;30.0;20.16;2.91;0.00;-607.71;USD;-607.71;2583.00;USD
06-06-2025 20:51:04;239130566;Acquisto;INTC;"INTEL ORD";US4581401001;10.0;20.16;3.30;0.00;-204.90;USD;-204.90;3190.71;USD
06-06-2025 15:42:50;238969941;Acquisto;PLTR;"PALANTIR TECHNOLOGIES CL A ORD";US69608A1088;5.0;125.00;2.93;0.00;-627.93;USD;-627.93;3395.61;USD
06-06-2025 15:42:49;238969941;Acquisto;PLTR;"PALANTIR TECHNOLOGIES CL A ORD";US69608A1088;2.0;125.00;3.38;0.00;-253.38;USD;-253.38;4023.54;USD
05-06-2025 21:22:51;238806115;Rettif. costi Borsa;TSLA;"TESLA ORD";US88160R1014;1.0;0.09;0.00;0.00;0.09;USD;0.09;4276.92;USD
05-06-2025 21:22:49;238806115;Vendita;TSLA;"TESLA ORD";US88160R1014;15.0;275.4104;36.29;0.00;4094.87;USD;4094.87;4276.83;USD
05-06-2025 19:46:09;238793570;Acquisto;TSLA;"TESLA ORD";US88160R1014;6.0;303.54;27.73;0.00;-1848.97;USD;-1848.97;181.96;USD
05-06-2025 19:46:09;238793570;Acquisto;TSLA;"TESLA ORD";US88160R1014;2.0;303.54;5.91;0.00;-612.99;USD;-612.99;2030.93;USD
05-06-2025 19:44:02;238798816;Rettif. costi Borsa;AAPL;"APPLE ORD";US0378331005;1.0;0.02;0.00;0.00;0.02;USD;0.02;2643.92;USD
05-06-2025 19:44:00;238798816;Vendita;AAPL;"APPLE ORD";US0378331005;3.0;202.76;2.93;0.00;605.35;USD;605.35;2643.90;USD
05-06-2025 19:44:00;238798816;Vendita;AAPL;"APPLE ORD";US0378331005;1.0;202.76;3.31;0.00;199.45;USD;199.45;2038.55;USD
05-06-2025 19:43:35;238793508;Rettif. costi Borsa;AMD;"ADVANCED MICRO DEVICES ORD";US0079031078;1.0;0.01;0.00;0.00;0.01;USD;0.01;1839.10;USD
05-06-2025 19:43:31;238793508;Vendita;AMD;"ADVANCED MICRO DEVICES ORD";US0079031078;4.0;117.0501;3.71;0.00;464.49;USD;464.49;1839.09;USD
05-06-2025 19:43:18;238793499;Rettif. costi Borsa;INTC;"INTEL ORD";US4581401001;1.0;0.01;0.00;0.00;0.01;USD;0.01;1374.60;USD
05-06-2025 19:43:15;238793499;Vendita;INTC;"INTEL ORD";US4581401001;16.0;20.2301;3.50;0.00;320.18;USD;320.18;1374.59;USD
05-06-2025 19:43:07;238793496;Rettif. costi Borsa;NVDA;"NVIDIA ORD";US67066G1040;1.0;0.02;0.00;0.00;0.02;USD;0.02;1054.41;USD
05-06-2025 19:43:05;238793496;Vendita;NVDA;"NVIDIA ORD";US67066G1040;7.0;141.5401;6.51;0.00;984.27;USD;984.27;1054.39;USD
05-06-2025 19:07:53;238797134;Acquisto;TSLA;"TESLA ORD";US88160R1014;3.0;305.7995;6.38;0.00;-923.78;USD;-923.78;70.12;USD
05-06-2025 19:04:40;238792236;Rettif. costi Borsa;INTC;"INTEL ORD";US4581401001;1.0;0.01;0.00;0.00;0.01;USD;0.01;993.90;USD
05-06-2025 19:04:37;238792236;Vendita;INTC;"INTEL ORD";US4581401001;5.0;20.2301;3.16;0.00;97.99;USD;97.99;993.89;USD
05-06-2025 19:02:16;238796894;Rettif. costi Borsa;AAPL;"APPLE ORD";US0378331005;1.0;0.01;0.00;0.00;0.01;USD;0.01;895.90;USD
05-06-2025 19:02:12;238796894;Vendita;AAPL;"APPLE ORD";US0378331005;2.0;201.7002;3.62;0.00;399.78;USD;399.78;895.89;USD
05-06-2025 19:00:07;238796793;Acquisto;AAPL;"APPLE ORD";US0378331005;2.0;201.7198;3.61;0.00;-407.05;USD;-407.05;496.11;USD
05-06-2025 18:58:24;238791931;Rettif. costi Borsa;AMD;"ADVANCED MICRO DEVICES ORD";US0079031078;1.0;0.01;0.00;0.00;0.01;USD;0.01;903.16;USD
05-06-2025 18:58:20;238791931;Vendita;AMD;"ADVANCED MICRO DEVICES ORD";US0079031078;3.0;116.6802;3.54;0.00;346.50;USD;346.50;903.15;USD
05-06-2025 18:57:34;238791887;Rettif. costi Borsa;INTC;"INTEL ORD";US4581401001;1.0;0.01;0.00;0.00;0.01;USD;0.01;556.65;USD
05-06-2025 18:57:30;238791887;Vendita;INTC;"INTEL ORD";US4581401001;21.0;20.2501;3.65;0.00;421.60;USD;421.60;556.64;USD
04-06-2025 16:26:41;238585775;Acquisto;TSLA;"TESLA ORD";US88160R1014;1.0;331.9094;3.50;0.00;-335.41;USD;-335.41;135.04;USD
04-06-2025 16:03:55;238582385;Accredito Forex;;;;1.0;118.47;0.00;0.00;118.47;USD;118.47;470.45;USD
04-06-2025 16:03:55;238582385;Addebito Forex;;;;1.0;98.10;0.00;0.00;-98.10;CHF;-98.10;0.00;CHF
04-06-2025 16:01:11;00000000;Pagamento;;;;1.0;100.00;1.90;0.00;98.10;CHF;98.10;98.10;CHF
03-06-2025 17:54:15;238402739;Acquisto;TSLA;"TESLA ORD";US88160R1014;2.0;349.99;8.05;0.00;-708.03;USD;-708.03;351.98;USD
03-06-2025 17:54:15;238402739;Acquisto;TSLA;"TESLA ORD";US88160R1014;1.0;349.99;3.52;0.00;-353.51;USD;-353.51;1060.01;USD
03-06-2025 17:46:57;238403080;Accredito Forex;;;;1.0;82.89;0.00;0.00;82.89;USD;82.89;1413.52;USD
03-06-2025 17:46:57;238403080;Addebito Forex;;;;1.0;73.53;0.00;0.00;-73.53;EUR;-73.53;0.00;EUR
03-06-2025 17:46:28;238403069;Accredito Forex;;;;1.0;58.99;0.00;0.00;58.99;USD;58.99;1330.63;USD
03-06-2025 17:46:28;238403069;Addebito Forex;;;;1.0;49.05;0.00;0.00;-49.05;CHF;-49.05;0.00;CHF
03-06-2025 17:45:49;00000000;Pagamento;;;;1.0;50.00;0.95;0.00;49.05;CHF;49.05;49.05;CHF
03-06-2025 11:33:41;238344167;Acquisto;RACE;"FERRARI ORD";NL0011585146;3.0;417.20;26.88;0.00;-1278.48;EUR;-1278.48;73.53;EUR
03-06-2025 11:31:38;238344113;Accredito Forex;;;;1.0;52.01;0.00;0.00;52.01;EUR;52.01;1352.01;EUR
03-06-2025 11:31:38;238344113;Addebito Forex;;;;1.0;49.05;0.00;0.00;-49.05;CHF;-49.05;0.00;CHF
03-06-2025 11:30:58;00000000;Pagamento;;;;1.0;50.00;0.95;0.00;49.05;CHF;49.05;49.05;CHF
02-06-2025 23:33:03;238222747;Accredito Forex;;;;1.0;1246.39;0.00;0.00;1246.39;USD;1246.39;1271.64;USD
02-06-2025 23:33:03;238222747;Addebito Forex;;;;1.0;1100.00;0.00;0.00;-1100.00;EUR;-1100.00;1300.00;EUR
02-06-2025 07:36:15;00000000;Prelevamento;;;;1.0;15000.00;0.00;0.00;-15000.00;EUR;-15000.00;2400.00;EUR
02-06-2025 01:11:09;00000000;Pagamento;;;;1.0;17400.00;0.00;0.00;17400.00;EUR;17400.00;17400.00;EUR
28-05-2025 15:57:14;237333648;Acquisto;NVDA;"NVIDIA ORD";US67066G1040;1.0;135.26;0.21;0.00;-135.47;USD;-135.47;25.25;USD
28-05-2025 15:57:14;237333648;Acquisto;NVDA;"NVIDIA ORD";US67066G1040;1.0;135.26;3.20;0.00;-138.46;USD;-138.46;160.72;USD
28-05-2025 06:26:03;237213571;Accredito Forex;;;;1.0;59.69;0.00;0.00;59.69;USD;59.69;299.18;USD
28-05-2025 06:26:03;237213571;Addebito Forex;;;;1.0;49.91;0.00;0.00;-49.91;CHF;-49.91;0.00;CHF
28-05-2025 06:25:41;237213530;Accredito Forex;;;;1.0;227.95;0.00;0.00;227.95;USD;227.95;239.49;USD
28-05-2025 06:25:41;237213530;Addebito Forex;;;;1.0;203.54;0.00;0.00;-203.54;EUR;-203.54;0.00;EUR
28-05-2025 06:24:45;00000000;Prelevamento;;;;1.0;23000.00;0.00;0.00;-23000.00;CHF;-23000.00;49.91;CHF
28-05-2025 06:22:24;237212849;Accredito Forex;;;;1.0;23000.00;0.00;0.00;23000.00;CHF;23000.00;23049.91;CHF
28-05-2025 06:22:24;237212849;Addebito Forex;;;;1.0;24796.46;0.00;0.00;-24796.46;EUR;-24796.46;203.54;EUR
28-05-2025 02:10:47;00000000;Pagamento;;;;1.0;12500.00;0.00;0.00;12500.00;EUR;12500.00;25000.00;EUR
28-05-2025 02:10:46;00000000;Pagamento;;;;1.0;12500.00;0.00;0.00;12500.00;EUR;12500.00;12500.00;EUR
27-05-2025 15:30:12;237106426;Acquisto;AAPL;"APPLE ORD";US0378331005;4.0;198.28;6.19;0.00;-799.31;USD;-799.31;11.54;USD
27-05-2025 14:30:52;00000000;Pagamento;;;;1.0;50.00;0.95;0.00;49.05;CHF;49.05;49.91;CHF
27-05-2025 07:22:11;237004397;Accredito Forex;;;;1.0;69.92;0.00;0.00;69.92;USD;69.92;810.85;USD
27-05-2025 07:22:11;237004397;Addebito Forex;;;;1.0;58.00;0.00;0.00;-58.00;CHF;-58.00;0.86;CHF
27-05-2025 07:16:01;00000000;Pagamento;;;;1.0;60.00;1.14;0.00;58.86;CHF;58.86;58.86;CHF
27-05-2025 07:06:54;236997711;Accredito Forex;;;;1.0;636.82;0.00;0.00;636.82;USD;636.82;740.93;USD
27-05-2025 07:06:54;236997711;Addebito Forex;;;;1.0;565.09;0.00;0.00;-565.09;EUR;-565.09;0.00;EUR
27-05-2025 07:05:45;00000000;Prelevamento;;;;1.0;18000.00;0.00;0.00;-18000.00;CHF;-18000.00;0.00;CHF
27-05-2025 07:03:11;236997535;Accredito Forex;;;;1.0;18000.00;0.00;0.00;18000.00;CHF;18000.00;18000.00;CHF
27-05-2025 07:03:11;236997535;Addebito Forex;;;;1.0;19434.91;0.00;0.00;-19434.91;EUR;-19434.91;565.09;EUR
27-05-2025 01:31:16;00000000;Pagamento;;;;1.0;10000.00;0.00;0.00;10000.00;EUR;10000.00;20000.00;EUR
27-05-2025 01:10:59;00000000;Pagamento;;;;1.0;10000.00;0.00;0.00;10000.00;EUR;10000.00;10000.00;EUR
26-05-2025 07:15:27;236834503;Accredito Forex;;;;1.0;84.87;0.00;0.00;84.87;USD;84.87;104.11;USD
26-05-2025 07:15:27;236834503;Addebito Forex;;;;1.0;70.30;0.00;0.00;-70.30;CHF;-70.30;0.00;CHF
26-05-2025 06:41:04;00000000;Prelevamento;;;;1.0;9200.00;0.00;0.00;-9200.00;CHF;-9200.00;70.30;CHF
26-05-2025 06:37:28;236822867;Accredito Forex;;;;1.0;9270.30;0.00;0.00;9270.30;CHF;9270.30;9270.30;CHF
26-05-2025 06:37:28;236822867;Addebito Forex;;;;1.0;10000.00;0.00;0.00;-10000.00;EUR;-10000.00;0.00;EUR
26-05-2025 01:16:48;00000000;Pagamento;;;;1.0;10000.00;0.00;0.00;10000.00;EUR;10000.00;10000.00;EUR
23-05-2025 21:05:47;236581018;Accredito Forex;;;;1.0;4.45;0.00;0.00;4.45;CHF;4.45;0.00;CHF
23-05-2025 21:05:47;236581018;Addebito Forex;;;;1.0;5.48;0.00;0.00;-5.48;USD;-5.48;19.24;USD
23-05-2025 20:58:21;236580573;Acquisto;INTC;"INTEL ORD";US4581401001;7.0;20.1499;3.21;0.00;-144.26;USD;-144.26;24.72;USD
23-05-2025 20:54:41;236580470;Accredito Forex;;;;1.0;80.49;0.00;0.00;80.49;USD;80.49;168.98;USD
23-05-2025 20:54:41;236580470;Addebito Forex;;;;1.0;66.72;0.00;0.00;-66.72;CHF;-66.72;-4.45;CHF
23-05-2025 06:18:18;00000000;Prelevamento;;;;1.0;9200.00;0.00;0.00;-9200.00;CHF;-9200.00;62.27;CHF
23-05-2025 06:14:07;236415255;Accredito Forex;;;;1.0;9261.64;0.00;0.00;9261.64;CHF;9261.64;9262.27;CHF
23-05-2025 06:14:07;236415255;Addebito Forex;;;;1.0;10000.00;0.00;0.00;-10000.00;EUR;-10000.00;0.00;EUR
23-05-2025 01:06:21;00000000;Pagamento;;;;1.0;10000.00;0.00;0.00;10000.00;EUR;10000.00;10000.00;EUR
16-05-2025 21:22:58;234825081;Acquisto;NVDA;"NVIDIA ORD";US67066G1040;5.0;135.2099;6.01;0.00;-682.06;USD;-682.06;88.49;USD
16-05-2025 21:20:01;234824953;Rettif. costi Borsa;INTC;"INTEL ORD";US4581401001;1.0;0.02;0.00;0.00;0.02;USD;0.02;770.55;USD
16-05-2025 21:19:59;234824953;Vendita;INTC;"INTEL ORD";US4581401001;35.0;21.7201;6.16;0.00;754.04;USD;754.04;770.53;USD
16-05-2025 15:34:09;234781664;Rettif. costi Borsa;INTC;"INTEL ORD";US4581401001;1.0;0.02;0.00;0.00;0.02;USD;0.02;16.49;USD
16-05-2025 15:31:17;234789391;Acquisto;AMD;"ADVANCED MICRO DEVICES ORD";US0079031078;7.0;117.8896;6.24;0.00;-831.47;USD;-831.47;16.47;USD
16-05-2025 15:30:12;234781664;Vendita;INTC;"INTEL ORD";US4581401001;38.0;21.61;6.25;0.00;814.93;USD;814.93;847.94;USD
15-05-2025 12:45:58;00000000;Dividendo;AAPL;"APPLE ORD";US0378331005;1.0;2.86;0.86;0.00;2.00;USD;2.00;33.01;USD
14-05-2025 15:30:07;234418433;Acquisto;INTC;"INTEL ORD";US4581401001;54.0;22.38;11.81;0.00;-1220.33;USD;-1220.33;31.01;USD
14-05-2025 15:30:07;234418446;Acquisto;INTC;"INTEL ORD";US4581401001;54.0;22.38;11.81;0.00;-1220.33;USD;-1220.33;1251.34;USD
13-05-2025 15:33:54;234220653;Rettif. costi Borsa;AAPL;"APPLE ORD";US0378331005;1.0;0.02;0.00;0.00;0.02;USD;0.02;2471.67;USD
13-05-2025 15:33:44;234185795;Rettif. costi Borsa;AAPL;"APPLE ORD";US0378331005;1.0;0.03;0.00;0.00;0.03;USD;0.03;2471.65;USD
13-05-2025 15:30:24;234220653;Vendita;AAPL;"APPLE ORD";US0378331005;5.0;210.5008;11.60;0.00;1040.90;USD;1040.90;2471.62;USD
13-05-2025 15:30:21;234185795;Vendita;AAPL;"APPLE ORD";US0378331005;6.0;210.39;12.77;0.00;1249.57;USD;1249.57;1430.72;USD
06-05-2025 20:14:14;232963351;Accredito Forex;;;;1.0;30.00;0.00;0.00;30.00;USD;30.00;181.15;USD
06-05-2025 20:14:14;232963351;Addebito Forex;;;;1.0;24.90;0.00;0.00;-24.90;CHF;-24.90;0.63;CHF
05-05-2025 18:54:29;232744847;Acquisto;AAPL;"APPLE ORD";US0378331005;4.0;199.8396;6.20;0.00;-805.56;USD;-805.56;151.15;USD
05-05-2025 16:27:55;232407104;Acquisto;AAPL;"APPLE ORD";US0378331005;5.0;199.00;8.49;0.00;-1003.49;USD;-1003.49;956.71;USD
05-05-2025 16:27:55;232407104;Acquisto;AAPL;"APPLE ORD";US0378331005;2.0;199.00;3.60;0.00;-401.60;USD;-401.60;1960.20;USD
02-05-2025 15:31:18;232193768;Rettif. costi Borsa;NVDA;"NVIDIA ORD";US67066G1040;1.0;-0.02;0.00;0.00;-0.02;USD;-0.02;2361.80;USD
02-05-2025 15:30:09;232193768;Vendita;NVDA;"NVIDIA ORD";US67066G1040;21.0;114.11;34.49;0.00;2361.82;USD;2361.82;2361.82;USD
08-04-2025 22:26:35;228183690;Accredito Fx Comp.;;;;1.0;2207.19;0.00;0.00;2207.19;USD;2207.19;0.00;USD
08-04-2025 22:26:35;228183690;Addebito Fx Comp.;;;;1.0;1892.29;0.00;0.00;-1892.29;CHF;-1892.29;25.53;CHF
08-04-2025 15:36:48;228102776;Acquisto;NVDA;"NVIDIA ORD";US67066G1040;15.0;103.48;27.33;0.00;-1579.53;USD;-1579.53;-2207.19;USD
08-04-2025 15:36:48;228102776;Acquisto;NVDA;"NVIDIA ORD";US67066G1040;6.0;103.48;6.78;0.00;-627.66;USD;-627.66;-627.66;USD
07-04-2025 16:11:00;227522348;Vendita;TSLA;"TESLA ORD";US88160R1014;3.0;235.25;3.07;0.00;702.69;USD;597.85;1917.82;CHF
07-04-2025 16:11:00;227522348;Vendita;TSLA;"TESLA ORD";US88160R1014;1.0;235.25;3.36;0.00;231.88;USD;197.30;1319.97;CHF
07-04-2025 16:11:00;227522420;Vendita;INTC;"INTEL ORD";US4581401001;8.0;19.75;0.21;0.00;157.78;USD;134.25;1122.67;CHF
07-04-2025 16:11:00;227522420;Vendita;INTC;"INTEL ORD";US4581401001;3.0;19.75;3.10;0.00;56.12;USD;47.75;988.42;CHF
07-04-2025 06:20:58;227522392;Accredito Forex;;;;1.0;12.05;0.00;0.00;12.05;CHF;12.05;940.67;CHF
07-04-2025 06:20:58;227522392;Addebito Forex;;;;1.0;14.23;0.00;0.00;-14.23;USD;-14.23;0.00;USD
07-04-2025 06:06:21;227519983;Accredito Forex;;;;1.0;928.62;0.00;0.00;928.62;CHF;928.62;928.62;CHF
07-04-2025 06:06:21;227519983;Addebito Forex;;;;1.0;1000.00;0.00;0.00;-1000.00;EUR;-1000.00;0.00;EUR
07-04-2025 01:21:05;00000000;Pagamento;;;;1.0;1000.00;0.00;0.00;1000.00;EUR;1000.00;1000.00;EUR
02-04-2025 17:45:21;226562694;Acquisto;INTC;"INTEL ORD";US4581401001;9.0;21.9199;3.30;0.00;-200.58;USD;-200.58;14.23;USD
02-04-2025 17:43:41;226562883;Acquisto;TSLA;"TESLA ORD";US88160R1014;3.0;278.98;8.25;0.00;-845.19;USD;-845.19;214.81;USD
02-04-2025 17:43:41;226562883;Acquisto;TSLA;"TESLA ORD";US88160R1014;1.0;278.98;3.42;0.00;-282.40;USD;-282.40;1060.00;USD
02-04-2025 17:42:23;226562531;Accredito Forex;;;;1.0;215.15;0.00;0.00;215.15;USD;215.15;1342.40;USD
02-04-2025 17:42:23;226562531;Addebito Forex;;;;1.0;200.00;0.00;0.00;-200.00;EUR;-200.00;0.00;EUR
02-04-2025 17:41:46;226562502;Accredito Forex;;;;1.0;1123.04;0.00;0.00;1123.04;USD;1123.04;1127.25;USD
02-04-2025 17:41:46;226562502;Addebito Forex;;;;1.0;1000.07;0.00;0.00;-1000.07;CHF;-1000.07;0.00;CHF
02-04-2025 03:01:20;00000000;Pagamento;;;;1.0;1000.00;0.00;0.00;1000.00;CHF;1000.00;1000.07;CHF
31-03-2025 05:12:11;00000000;Pagamento;;;;1.0;200.00;0.00;0.00;200.00;EUR;200.00;200.00;EUR
24-03-2025 15:34:01;224695349;Acquisto;INTC;"INTEL ORD";US4581401001;1.0;24.36;0.03;0.00;-24.39;USD;-24.39;4.21;USD
24-03-2025 15:34:01;224695349;Acquisto;INTC;"INTEL ORD";US4581401001;1.0;24.36;3.04;0.00;-27.40;USD;-27.40;28.60;USD
23-03-2025 09:20:24;224694884;Accredito Forex;;;;1.0;56.00;0.00;0.00;56.00;USD;56.00;56.00;USD
23-03-2025 09:20:24;224694884;Addebito Forex;;;;1.0;49.93;0.00;0.00;-49.93;CHF;-49.93;0.07;CHF
10-03-2025 08:52:11;222563550;Pagamento;;;;1.0;50.00;0.00;0.00;50.00;CHF;50.00;50.00;CHF
